MBLNR,EBELN,MATNR,VendorId,Qty_Ordered,Qty_Received,Qty_Delta,GR_Date,Required_Date,Delay_Days,IsLate,Plant,MovementType,StorageLocation,QualityControl,Anomaly
495000000000,454500000,MAT-RAFx-004,VND-0001,5,5,0,2020-01-03,2020-01-03,0,False,Merignac,101,SL-INDIA-HYD,Passed,
495000000001,454500001,MAT-FAL8-004,VND-0001,1,1,0,2021-02-03,2021-02-03,0,False,Bangalore,101,SL-INDIA-HYD,Passed,
495000000002,454500002,MAT-RAFx-008,VND-0008,10,10,0,2024-01-03,2023-12-19,15,True,Hyderabad,101,SL-INDIA-HYD,Pending,
495000000003,454500006,MAT-RAFx-008,VND-0014,2,2,0,2022-07-22,2022-07-07,15,True,Nagpur,101,SL03,Passed,
495000000004,454500007,MAT-RAFx-009,VND-0012,2,2,0,2020-10-10,2020-10-15,-5,False,Hyderabad,101,SL02,Passed,
495000000005,454500008,MAT-MRO-003,VND-0004,44,43,-1,2023-06-20,2023-06-20,0,False,Nagpur,101,SL-INDIA-HYD,Passed,
495000000006,454500009,MAT-RAFx-007,VND-0015,10,10,0,2021-02-21,2021-02-21,0,False,Hyderabad,101,SL-INDIA-NGP,Passed,
495000000007,454500010,MAT-RAFx-009,VND-0003,4,4,0,2022-07-06,2022-06-21,15,True,Bangalore,101,SL01,Passed,
495000000008,454500012,MAT-MRO-005,VND-0002,7,6,-1,2022-06-12,2022-06-12,0,False,Merignac,101,SL01,Passed,
495000000009,454500013,MAT-MRO-003,VND-0013,18,12,-6,2021-02-22,2021-02-22,0,False,Merignac,101,SL01,Passed,
495000000010,454500014,MAT-MRO-002,VND-0013,12,11,-1,2020-07-21,2020-07-21,0,False,Bangalore,101,SL-INDIA-HYD,Passed,
495000000011,454500016,MAT-RAFx-004,VND-0015,6,3,-3,2024-03-20,2024-03-05,15,True,Bangalore,101,SL01,Passed,
495000000012,454500017,MAT-RAFx-003,VND-0012,8,8,0,2024-02-03,2024-02-03,0,False,Hyderabad,101,SL02,Passed,
495000000013,454500020,MAT-MRO-004,VND-0009,15,15,0,2019-05-21,2019-03-22,60,True,Merignac,101,SL03,Passed,LATE_60D
495000000014,454500021,MAT-RAFx-003,VND-0009,4,4,0,2022-02-12,2022-02-07,5,True,Bangalore,101,SL03,Passed,
495000000015,454500024,MAT-RAFx-007,VND-0004,9,6,-3,2021-09-29,2021-09-14,15,True,Merignac,101,SL-INDIA-NGP,Pending,
495000000016,454500028,MAT-MRO-003,VND-0001,48,48,0,2020-03-07,2020-03-07,0,False,Bangalore,101,SL03,Failed,
495000000017,454500030,MAT-MRO-004,VND-0004,38,22,-16,2022-09-06,2022-09-01,5,True,Bangalore,101,SL-INDIA-NGP,Passed,
495000000018,454500031,MAT-RAFx-009,VND-0004,6,6,0,2021-06-26,2021-06-26,0,False,Nagpur,101,SL-INDIA-HYD,Passed,
495000000019,454500032,MAT-RAFx-001,VND-0008,10,10,0,2019-10-14,2019-09-29,15,True,Bordeaux,101,SL03,Passed,
495000000020,454500033,MAT-RAFx-003,VND-0015,4,4,0,2020-08-05,2020-07-31,5,True,Bangalore,101,SL03,Passed,
495000000021,454500035,MAT-MRO-003,VND-0003,18,17,-1,2020-09-28,2020-09-28,0,False,Nagpur,101,SL-INDIA-NGP,Passed,
495000000022,454500042,MAT-FAL8-005,VND-0006,5,4,-1,2024-04-14,2024-04-14,0,False,Hyderabad,101,SL-INDIA-NGP,Passed,
495000000023,454500043,MAT-RAFx-009,VND-0014,2,2,0,2021-02-24,2021-02-19,5,True,Bangalore,101,SL03,Passed,
495000000024,454500046,MAT-RAFx-007,VND-0006,7,7,0,2023-04-24,2023-04-09,15,True,Merignac,101,SL03,Passed,
495000000025,454500047,MAT-MRO-002,VND-0005,43,43,0,2021-10-02,2021-10-02,0,False,Hyderabad,101,SL-INDIA-NGP,Pending,
495000000026,454500048,MAT-MRO-005,VND-0010,5,4,-1,2023-10-09,2023-10-04,5,True,Bangalore,101,SL01,Pending,
495000000027,454500049,MAT-FAL8-001,VND-0008,8,8,0,2020-12-29,2020-12-29,0,False,Bordeaux,101,SL02,Passed,
495000000028,454500050,MAT-RAFx-010,VND-0009,10,10,0,2024-01-01,2024-01-01,0,False,Bordeaux,101,SL02,Passed,
495000000029,454500051,MAT-RAFx-001,VND-0001,4,4,0,2022-08-11,2022-08-11,0,False,Bangalore,101,SL-INDIA-HYD,Passed,
495000000030,454500054,MAT-MRO-002,VND-0009,39,39,0,2023-12-13,2023-12-08,5,True,Bangalore,101,SL03,Passed,
495000000031,454500055,MAT-MRO-003,VND-0008,11,6,-5,2022-06-16,2022-05-17,30,True,Nagpur,101,SL01,Passed,
495000000032,454500056,MAT-MRO-001,VND-0011,16,12,-4,2019-12-16,2019-12-01,15,True,Bangalore,101,SL01,Passed,
495000000033,454500059,MAT-MRO-001,VND-0001,23,23,0,2021-11-08,2021-11-08,0,False,Bangalore,101,SL01,Passed,
495000000034,454500060,MAT-MRO-001,VND-0004,18,11,-7,2019-10-16,2019-10-16,0,False,Hyderabad,101,SL-INDIA-NGP,Passed,
495000000035,454500062,MAT-FAL8-004,VND-0003,8,4,-4,2021-02-25,2021-01-26,30,True,Nagpur,101,SL-INDIA-HYD,Passed,
495000000036,454500066,MAT-RAFx-010,VND-0002,10,10,0,2021-09-04,2021-08-20,15,True,Hyderabad,101,SL01,Passed,
495000000037,454500068,MAT-RAFx-002,VND-0006,9,9,0,2021-04-08,2021-04-03,5,True,Hyderabad,101,SL-INDIA-HYD,Passed,
495000000038,454500069,MAT-RAFx-004,VND-0007,6,6,0,2024-05-21,2024-05-16,5,True,Bangalore,101,SL02,Failed,
495000000039,454500070,MAT-MRO-005,VND-0013,9,9,0,2022-04-25,2022-04-20,5,True,Nagpur,101,SL02,Passed,
495000000040,454500071,MAT-RAFx-003,VND-0005,8,8,0,2022-06-26,2022-06-26,0,False,Merignac,101,SL01,Passed,
495000000041,454500072,MAT-FAL8-001,VND-0003,8,4,-4,2023-12-06,2023-12-01,5,True,Nagpur,101,SL01,Passed,
495000000042,454500073,MAT-RAFx-001,VND-0009,4,4,0,2023-09-14,2023-09-09,5,True,Hyderabad,101,SL01,Passed,
495000000043,454500074,MAT-FAL8-005,VND-0013,1,1,0,2020-11-21,2020-11-21,0,False,Bangalore,101,SL01,Passed,
495000000044,454500075,MAT-MRO-001,VND-0009,34,24,-10,2024-02-12,2024-01-13,30,True,Nagpur,101,SL01,Failed,
495000000045,454500076,MAT-RAFx-009,VND-0004,2,2,0,2021-01-07,2021-01-07,0,False,Bordeaux,101,SL-INDIA-NGP,Pending,
495000000046,454500077,MAT-RAFx-007,VND-0012,8,8,0,2023-03-16,2023-02-14,30,True,Bordeaux,101,SL-INDIA-HYD,Passed,
495000000047,454500079,MAT-MRO-001,VND-0002,1,0,-1,2022-05-26,2022-05-21,5,True,Merignac,101,SL-INDIA-HYD,Passed,
495000000048,454500080,MAT-MRO-001,VND-0002,5,5,0,2020-04-21,2020-04-21,0,False,Bangalore,101,SL01,Passed,
495000000049,454500081,MAT-RAFx-003,VND-0004,2,2,0,2022-05-07,2022-04-07,30,True,Bangalore,101,SL02,Passed,
495000000050,454500082,MAT-FAL8-005,VND-0015,8,6,-2,2023-01-09,2022-12-25,15,True,Bangalore,101,SL-INDIA-NGP,Passed,
495000000051,454500083,MAT-RAFx-007,VND-0011,4,2,-2,2019-10-04,2019-10-04,0,False,Bordeaux,101,SL-INDIA-HYD,Passed,
495000000052,454500084,MAT-FAL8-004,VND-0008,10,6,-4,2019-08-18,2019-08-03,15,True,Hyderabad,101,SL01,Passed,
495000000053,454500085,MAT-RAFx-008,VND-0015,5,5,0,2023-06-30,2023-05-31,30,True,Hyderabad,101,SL02,Passed,
495000000054,454500087,MAT-MRO-004,VND-0015,19,19,0,2022-02-23,2022-02-18,5,True,Bangalore,101,SL-INDIA-HYD,Passed,
495000000055,454500088,MAT-MRO-001,VND-0008,6,6,0,2024-09-08,2024-09-03,5,True,Merignac,101,SL01,Passed,
495000000056,454500089,MAT-RAFx-008,VND-0011,10,10,0,2019-08-28,2019-07-29,30,True,Bordeaux,101,SL-INDIA-HYD,Passed,
495000000057,454500090,MAT-MRO-002,VND-0011,29,19,-10,2021-01-30,2020-12-01,60,True,Merignac,101,SL02,Passed,LATE_60D
495000000058,454500091,MAT-FAL8-002,VND-0007,6,3,-3,2019-12-08,2019-11-23,15,True,Nagpur,101,SL02,Passed,
495000000059,454500093,MAT-MRO-003,VND-0008,27,27,0,2022-07-30,2022-06-30,30,True,Hyderabad,101,SL-INDIA-HYD,Passed,
495000000060,454500095,MAT-RAFx-008,VND-0012,3,2,-1,2020-02-05,2019-12-07,60,True,Merignac,101,SL-INDIA-HYD,Passed,LATE_60D
495000000061,454500096,MAT-RAFx-004,VND-0011,3,3,0,2023-07-20,2023-07-05,15,True,Hyderabad,101,SL03,Passed,
495000000062,454500097,MAT-RAFx-008,VND-0008,9,9,0,2021-01-01,2020-12-27,5,True,Merignac,101,SL-INDIA-NGP,Passed,
495000000063,454500098,MAT-FAL8-004,VND-0006,9,9,0,2019-07-14,2019-06-29,15,True,Bangalore,101,SL03,Passed,
495000000064,454500099,MAT-RAFx-005,VND-0008,9,9,0,2021-10-04,2021-09-19,15,True,Nagpur,101,SL-INDIA-NGP,Passed,
495000000065,454500101,MAT-RAFx-005,VND-0008,1,0,-1,2025-05-28,2025-04-28,30,True,Hyderabad,101,SL-INDIA-NGP,Passed,
495000000066,454500105,MAT-RAFx-003,VND-0007,2,1,-1,2023-03-03,2023-03-03,0,False,Merignac,101,SL-INDIA-HYD,Passed,
495000000067,454500107,MAT-RAFx-006,VND-0003,2,2,0,2022-02-09,2022-02-04,5,True,Bangalore,101,SL02,Passed,
495000000068,454500109,MAT-RAFx-006,VND-0002,8,8,0,2022-10-23,2022-10-18,5,True,Nagpur,101,SL-INDIA-HYD,Passed,
495000000069,454500110,MAT-RAFx-010,VND-0004,7,4,-3,2020-01-10,2020-01-05,5,True,Nagpur,101,SL01,Passed,
495000000070,454500112,MAT-MRO-005,VND-0013,6,3,-3,2021-01-21,2021-01-06,15,True,Bordeaux,101,SL01,Passed,
495000000071,454500114,MAT-RAFx-007,VND-0003,9,9,0,2021-12-01,2021-11-16,15,True,Bordeaux,101,SL03,Passed,
495000000072,454500115,MAT-MRO-001,VND-0013,19,19,0,2021-05-21,2021-02-20,90,True,Bordeaux,101,SL02,Passed,LATE_90D
495000000073,454500116,MAT-MRO-003,VND-0006,6,6,0,2019-08-12,2019-07-13,30,True,Nagpur,101,SL-INDIA-NGP,Passed,
495000000074,454500118,MAT-MRO-005,VND-0004,2,2,0,2022-02-08,2022-02-08,0,False,Merignac,101,SL01,Passed,
495000000075,454500123,MAT-RAFx-002,VND-0013,6,3,-3,2020-07-30,2020-07-30,0,False,Bangalore,101,SL01,Passed,
495000000076,454500126,MAT-FAL8-001,VND-0001,3,3,0,2020-05-19,2020-05-19,0,False,Hyderabad,101,SL01,Failed,
495000000077,454500128,MAT-FAL8-005,VND-0011,1,0,-1,2022-04-30,2022-04-30,0,False,Hyderabad,101,SL-INDIA-NGP,Passed,
495000000078,454500129,MAT-RAFx-003,VND-0006,10,10,0,2020-03-09,2020-03-04,5,True,Nagpur,101,SL-INDIA-HYD,Passed,
495000000079,454500131,MAT-FAL8-004,VND-0008,4,2,-2,2024-05-10,2024-05-10,0,False,Nagpur,101,SL03,Passed,
495000000080,454500133,MAT-RAFx-004,VND-0012,6,6,0,2022-04-29,2022-04-14,15,True,Nagpur,101,SL-INDIA-NGP,Passed,
495000000081,454500135,MAT-MRO-004,VND-0009,14,14,0,2022-03-07,2022-02-05,30,True,Bangalore,101,SL02,Passed,
495000000082,454500136,MAT-RAFx-004,VND-0013,5,5,0,2024-03-12,2024-03-17,-5,False,Bangalore,101,SL01,Passed,
495000000083,454500139,MAT-MRO-002,VND-0004,25,23,-2,2021-04-18,2021-03-19,30,True,Bangalore,101,SL03,Passed,
495000000084,454500145,MAT-MRO-004,VND-0007,37,34,-3,2023-04-09,2023-04-04,5,True,Nagpur,101,SL03,Passed,
495000000085,454500146,MAT-MRO-005,VND-0008,6,5,-1,2024-01-03,2023-12-19,15,True,Bangalore,101,SL-INDIA-HYD,Passed,
495000000086,454500147,MAT-FAL8-003,VND-0014,5,5,0,2020-11-14,2020-10-15,30,True,Merignac,101,SL-INDIA-HYD,Passed,
495000000087,454500148,MAT-MRO-002,VND-0004,50,50,0,2024-01-29,2024-01-24,5,True,Bordeaux,101,SL03,Passed,
495000000088,454500150,MAT-MRO-004,VND-0013,38,38,0,2025-01-25,2025-01-20,5,True,Nagpur,101,SL02,Passed,
495000000089,454500151,MAT-RAFx-005,VND-0008,2,2,0,2023-01-18,2023-01-18,0,False,Nagpur,101,SL-INDIA-NGP,Failed,
495000000090,454500152,MAT-RAFx-003,VND-0005,8,8,0,2019-12-06,2019-12-01,5,True,Merignac,101,SL02,Passed,
495000000091,454500153,MAT-MRO-005,VND-0009,7,3,-4,2022-04-01,2022-04-01,0,False,Bordeaux,101,SL02,Passed,
495000000092,454500156,MAT-FAL8-002,VND-0006,5,5,0,2023-11-30,2023-11-25,5,True,Nagpur,101,SL01,Passed,
495000000093,454500157,MAT-FAL8-001,VND-0002,9,9,0,2021-03-11,2021-01-10,60,True,Bangalore,101,SL03,Passed,LATE_60D
495000000094,454500158,MAT-FAL8-001,VND-0002,10,9,-1,2024-09-17,2024-09-17,0,False,Hyderabad,101,SL02,Pending,
495000000095,454500159,MAT-MRO-005,VND-0012,2,2,0,2022-02-04,2022-02-04,0,False,Bangalore,101,SL-INDIA-HYD,Passed,
495000000096,454500161,MAT-RAFx-008,VND-0003,3,3,0,2023-12-21,2023-12-16,5,True,Bangalore,101,SL-INDIA-HYD,Passed,
495000000097,454500165,MAT-FAL8-005,VND-0013,5,2,-3,2022-08-22,2022-08-22,0,False,Bordeaux,101,SL01,Passed,
495000000098,454500166,MAT-RAFx-005,VND-0014,5,5,0,2022-06-18,2022-04-19,60,True,Bangalore,101,SL03,Passed,LATE_60D
495000000099,454500168,MAT-FAL8-002,VND-0015,1,0,-1,2021-12-29,2022-01-03,-5,False,Merignac,101,SL02,Passed,
495000000100,454500169,MAT-RAFx-008,VND-0001,6,3,-3,2024-09-26,2024-09-11,15,True,Merignac,101,SL-INDIA-HYD,Passed,
495000000101,454500170,MAT-MRO-001,VND-0012,9,9,0,2022-05-04,2022-05-04,0,False,Merignac,101,SL01,Passed,
495000000102,454500171,MAT-RAFx-007,VND-0014,3,3,0,2024-01-05,2024-01-05,0,False,Nagpur,101,SL-INDIA-HYD,Failed,
495000000103,454500172,MAT-RAFx-010,VND-0002,1,1,0,2023-07-30,2023-07-15,15,True,Hyderabad,101,SL01,Passed,
495000000104,454500173,MAT-MRO-003,VND-0001,41,29,-12,2020-08-21,2020-08-21,0,False,Bangalore,101,SL-INDIA-HYD,Failed,
495000000105,454500175,MAT-RAFx-001,VND-0007,8,5,-3,2021-11-09,2021-10-10,30,True,Nagpur,101,SL02,Passed,
495000000106,454500178,MAT-FAL8-001,VND-0015,5,5,0,2024-05-26,2024-05-31,-5,False,Nagpur,101,SL01,Passed,
495000000107,454500179,MAT-RAFx-002,VND-0014,6,4,-2,2024-01-30,2024-01-30,0,False,Hyderabad,101,SL-INDIA-NGP,Passed,
495000000108,454500180,MAT-FAL8-001,VND-0003,8,7,-1,2021-12-13,2021-11-13,30,True,Hyderabad,101,SL01,Pending,
495000000109,454500182,MAT-MRO-005,VND-0012,7,6,-1,2022-01-18,2022-01-23,-5,False,Nagpur,101,SL02,Passed,
495000000110,454500183,MAT-FAL8-004,VND-0005,1,0,-1,2023-04-22,2023-03-23,30,True,Bordeaux,101,SL01,Passed,
495000000111,454500186,MAT-RAFx-005,VND-0009,6,5,-1,2023-02-11,2023-02-11,0,False,Bordeaux,101,SL02,Passed,
495000000112,454500187,MAT-MRO-002,VND-0007,36,36,0,2023-10-17,2023-10-17,0,False,Bangalore,101,SL02,Passed,
495000000113,454500190,MAT-MRO-002,VND-0004,8,6,-2,2023-09-20,2023-09-20,0,False,Nagpur,101,SL03,Passed,
495000000114,454500191,MAT-MRO-004,VND-0006,30,30,0,2022-05-10,2022-05-10,0,False,Nagpur,101,SL01,Passed,
495000000115,454500193,MAT-FAL8-005,VND-0011,9,9,0,2024-10-11,2024-10-11,0,False,Bordeaux,101,SL01,Passed,
495000000116,454500194,MAT-MRO-002,VND-0015,4,3,-1,2022-03-30,2022-03-15,15,True,Bordeaux,101,SL-INDIA-HYD,Passed,
495000000117,454500195,MAT-MRO-002,VND-0015,19,19,0,2021-01-03,2020-10-05,90,True,Bordeaux,101,SL01,Failed,LATE_90D
495000000118,454500198,MAT-RAFx-007,VND-0013,10,10,0,2022-09-15,2022-09-15,0,False,Nagpur,101,SL01,Passed,
495000000119,454500199,MAT-MRO-001,VND-0004,44,44,0,2021-09-22,2021-09-22,0,False,Hyderabad,101,SL02,Passed,
495000000120,454500200,MAT-FAL8-005,VND-0004,6,6,0,2021-04-13,2021-04-13,0,False,Hyderabad,101,SL-INDIA-HYD,Passed,
495000000121,454500203,MAT-FAL8-001,VND-0004,3,3,0,2022-08-16,2022-08-16,0,False,Merignac,101,SL03,Passed,
495000000122,454500204,MAT-FAL8-003,VND-0009,8,6,-2,2021-02-07,2021-02-07,0,False,Hyderabad,101,SL01,Passed,
495000000123,454500205,MAT-MRO-003,VND-0001,7,7,0,2024-07-25,2024-05-26,60,True,Nagpur,101,SL02,Passed,LATE_60D
495000000124,454500206,MAT-FAL8-003,VND-0001,10,6,-4,2021-12-06,2021-11-21,15,True,Hyderabad,101,SL02,Passed,
495000000125,454500208,MAT-FAL8-002,VND-0013,3,3,0,2022-07-01,2022-07-01,0,False,Nagpur,101,SL03,Passed,
495000000126,454500209,MAT-MRO-002,VND-0008,10,8,-2,2022-03-02,2022-03-02,0,False,Bordeaux,101,SL-INDIA-HYD,Failed,
495000000127,454500210,MAT-MRO-005,VND-0012,5,5,0,2022-08-21,2022-08-21,0,False,Nagpur,101,SL-INDIA-HYD,Passed,
495000000128,454500211,MAT-RAFx-001,VND-0006,6,5,-1,2022-03-27,2022-03-27,0,False,Merignac,101,SL-INDIA-HYD,Passed,
495000000129,454500212,MAT-MRO-001,VND-0005,42,42,0,2024-03-30,2024-03-30,0,False,Bangalore,101,SL02,Passed,
495000000130,454500213,MAT-RAFx-006,VND-0009,10,10,0,2021-06-07,2021-06-02,5,True,Bangalore,101,SL03,Passed,
495000000131,454500214,MAT-RAFx-007,VND-0001,8,8,0,2020-07-05,2020-07-05,0,False,Bangalore,101,SL03,Passed,
495000000132,454500216,MAT-RAFx-006,VND-0008,9,9,0,2022-01-04,2021-12-20,15,True,Hyderabad,101,SL01,Pending,
495000000133,454500217,MAT-RAFx-008,VND-0005,9,9,0,2024-10-26,2024-10-11,15,True,Hyderabad,101,SL-INDIA-NGP,Pending,
495000000134,454500218,MAT-MRO-001,VND-0006,36,33,-3,2023-11-29,2023-12-04,-5,False,Bangalore,101,SL03,Passed,
495000000135,454500219,MAT-FAL8-003,VND-0014,6,5,-1,2023-10-18,2023-10-18,0,False,Merignac,101,SL01,Passed,
495000000136,454500220,MAT-FAL8-005,VND-0011,5,5,0,2020-08-24,2020-07-25,30,True,Bangalore,101,SL-INDIA-NGP,Passed,
495000000137,454500222,MAT-RAFx-002,VND-0002,7,7,0,2021-12-14,2021-11-14,30,True,Bangalore,101,SL-INDIA-NGP,Passed,
495000000138,454500223,MAT-FAL8-004,VND-0011,8,5,-3,2020-08-08,2020-08-08,0,False,Merignac,101,SL-INDIA-NGP,Passed,
495000000139,454500228,MAT-RAFx-007,VND-0003,10,10,0,2024-09-20,2024-09-05,15,True,Merignac,101,SL01,Passed,
495000000140,454500230,MAT-FAL8-001,VND-0005,10,10,0,2019-07-06,2019-07-06,0,False,Merignac,101,SL01,Failed,
495000000141,454500231,MAT-FAL8-005,VND-0005,3,3,0,2022-05-18,2022-05-03,15,True,Nagpur,101,SL03,Failed,
495000000142,454500232,MAT-MRO-005,VND-0004,4,4,0,2022-02-21,2021-12-23,60,True,Nagpur,101,SL-INDIA-HYD,Passed,LATE_60D
495000000143,454500233,MAT-MRO-003,VND-0015,31,31,0,2023-11-14,2023-11-19,-5,False,Bangalore,101,SL-INDIA-HYD,Passed,
495000000144,454500235,MAT-MRO-004,VND-0009,10,8,-2,2024-08-07,2024-08-07,0,False,Bangalore,101,SL01,Passed,
495000000145,454500237,MAT-MRO-003,VND-0008,44,42,-2,2023-03-08,2023-03-03,5,True,Bordeaux,101,SL03,Failed,
495000000146,454500241,MAT-MRO-003,VND-0007,34,34,0,2020-07-01,2020-05-02,60,True,Hyderabad,101,SL-INDIA-NGP,Passed,LATE_60D
495000000147,454500242,MAT-FAL8-004,VND-0009,7,6,-1,2021-02-25,2021-02-10,15,True,Merignac,101,SL03,Passed,
495000000148,454500243,MAT-FAL8-004,VND-0010,1,1,0,2019-08-07,2019-08-07,0,False,Merignac,101,SL02,Passed,
495000000149,454500245,MAT-FAL8-001,VND-0010,10,8,-2,2024-02-09,2024-02-14,-5,False,Bangalore,101,SL03,Passed,
495000000150,454500247,MAT-MRO-001,VND-0001,23,23,0,2023-05-19,2023-05-19,0,False,Hyderabad,101,SL-INDIA-HYD,Passed,
495000000151,454500248,MAT-RAFx-005,VND-0005,7,3,-4,2022-10-10,2022-10-05,5,True,Bordeaux,101,SL03,Passed,
495000000152,454500250,MAT-RAFx-003,VND-0015,8,8,0,2020-05-23,2020-05-08,15,True,Nagpur,101,SL-INDIA-HYD,Passed,
495000000153,454500251,MAT-MRO-005,VND-0010,1,1,0,2020-12-16,2020-12-16,0,False,Hyderabad,101,SL03,Passed,
495000000154,454500252,MAT-FAL8-001,VND-0005,1,1,0,2020-05-24,2020-04-24,30,True,Bordeaux,101,SL-INDIA-NGP,Passed,
495000000155,454500253,MAT-RAFx-007,VND-0007,4,2,-2,2023-10-29,2023-10-29,0,False,Nagpur,101,SL03,Passed,
495000000156,454500254,MAT-RAFx-009,VND-0006,9,9,0,2021-11-30,2021-10-31,30,True,Nagpur,101,SL02,Passed,
495000000157,454500255,MAT-FAL8-002,VND-0006,7,7,0,2024-04-01,2024-03-27,5,True,Bangalore,101,SL01,Passed,
495000000158,454500256,MAT-FAL8-004,VND-0005,3,3,0,2020-12-01,2020-11-26,5,True,Bangalore,101,SL03,Pending,
495000000159,454500257,MAT-RAFx-009,VND-0013,8,8,0,2023-05-15,2023-05-15,0,False,Nagpur,101,SL03,Passed,
495000000160,454500259,MAT-RAFx-003,VND-0014,1,1,0,2021-08-02,2021-08-02,0,False,Bordeaux,101,SL-INDIA-NGP,Passed,
495000000161,454500260,MAT-RAFx-007,VND-0009,8,8,0,2023-06-15,2023-06-10,5,True,Hyderabad,101,SL02,Failed,
495000000162,454500261,MAT-RAFx-001,VND-0001,9,9,0,2019-03-19,2019-03-04,15,True,Nagpur,101,SL02,Passed,
495000000163,454500263,MAT-RAFx-007,VND-0010,9,9,0,2021-06-05,2021-06-10,-5,False,Hyderabad,101,SL-INDIA-HYD,Failed,
495000000164,454500264,MAT-MRO-004,VND-0004,45,45,0,2023-01-16,2023-01-11,5,True,Merignac,101,SL01,Passed,
495000000165,454500266,MAT-FAL8-001,VND-0010,2,1,-1,2024-04-17,2024-04-17,0,False,Bangalore,101,SL03,Pending,
495000000166,454500267,MAT-RAFx-009,VND-0001,2,2,0,2021-05-27,2021-06-01,-5,False,Nagpur,101,SL03,Passed,
495000000167,454500269,MAT-MRO-004,VND-0014,25,15,-10,2022-07-25,2022-07-30,-5,False,Merignac,101,SL01,Passed,
495000000168,454500270,MAT-FAL8-002,VND-0001,2,1,-1,2023-11-21,2023-11-21,0,False,Bangalore,101,SL02,Passed,
495000000169,454500271,MAT-FAL8-001,VND-0001,5,4,-1,2022-04-23,2022-04-18,5,True,Hyderabad,101,SL-INDIA-NGP,Passed,
495000000170,454500272,MAT-RAFx-006,VND-0011,10,6,-4,2020-06-05,2020-06-05,0,False,Merignac,101,SL01,Passed,
495000000171,454500273,MAT-RAFx-009,VND-0003,7,7,0,2022-11-22,2022-11-07,15,True,Merignac,101,SL03,Pending,
495000000172,454500275,MAT-MRO-003,VND-0009,27,27,0,2020-02-29,2020-01-30,30,True,Nagpur,101,SL03,Passed,
495000000173,454500277,MAT-RAFx-006,VND-0011,7,5,-2,2021-04-04,2021-01-04,90,True,Bordeaux,101,SL02,Passed,LATE_90D
495000000174,454500278,MAT-RAFx-009,VND-0007,5,2,-3,2020-01-07,2020-01-07,0,False,Hyderabad,101,SL-INDIA-HYD,Passed,
495000000175,454500281,MAT-RAFx-007,VND-0008,6,5,-1,2021-10-10,2021-10-05,5,True,Hyderabad,101,SL-INDIA-HYD,Passed,
495000000176,454500282,MAT-RAFx-008,VND-0006,7,6,-1,2024-01-30,2024-01-15,15,True,Bordeaux,101,SL03,Pending,
495000000177,454500284,MAT-FAL8-004,VND-0011,8,6,-2,2021-02-12,2021-02-12,0,False,Hyderabad,101,SL02,Passed,
495000000178,454500285,MAT-RAFx-003,VND-0008,10,10,0,2022-04-28,2022-01-28,90,True,Hyderabad,101,SL01,Pending,LATE_90D
495000000179,454500286,MAT-RAFx-002,VND-0013,6,6,0,2024-07-20,2024-05-21,60,True,Merignac,101,SL02,Passed,LATE_60D
495000000180,454500287,MAT-FAL8-002,VND-0003,10,8,-2,2023-11-08,2023-08-10,90,True,Hyderabad,101,SL-INDIA-NGP,Passed,LATE_90D
495000000181,454500288,MAT-RAFx-001,VND-0002,5,5,0,2023-12-30,2023-12-30,0,False,Bordeaux,101,SL-INDIA-HYD,Passed,
495000000182,454500290,MAT-RAFx-010,VND-0007,2,1,-1,2024-07-26,2024-07-21,5,True,Bordeaux,101,SL-INDIA-HYD,Passed,
495000000183,454500291,MAT-MRO-001,VND-0006,31,28,-3,2023-10-06,2023-10-06,0,False,Merignac,101,SL03,Failed,
495000000184,454500292,MAT-FAL8-001,VND-0011,2,2,0,2020-05-05,2020-05-05,0,False,Nagpur,101,SL03,Passed,
495000000185,454500295,MAT-MRO-004,VND-0002,35,35,0,2021-03-08,2021-03-08,0,False,Hyderabad,101,SL01,Passed,
495000000186,454500296,MAT-FAL8-001,VND-0010,7,6,-1,2022-07-14,2022-07-14,0,False,Bangalore,101,SL-INDIA-NGP,Passed,
495000000187,454500297,MAT-RAFx-010,VND-0015,10,7,-3,2023-01-14,2023-01-14,0,False,Merignac,101,SL03,Passed,
495000000188,454500300,MAT-FAL8-005,VND-0010,1,1,0,2024-06-11,2024-06-06,5,True,Hyderabad,101,SL-INDIA-NGP,Passed,
495000000189,454500301,MAT-MRO-002,VND-0011,32,32,0,2022-06-03,2022-06-03,0,False,Bordeaux,101,SL02,Failed,
495000000190,454500302,MAT-MRO-004,VND-0001,49,46,-3,2019-08-25,2019-08-25,0,False,Hyderabad,101,SL-INDIA-HYD,Passed,
495000000191,454500303,MAT-MRO-001,VND-0009,33,33,0,2020-02-10,2020-02-05,5,True,Nagpur,101,SL03,Passed,
495000000192,454500304,MAT-RAFx-002,VND-0013,8,8,0,2021-08-10,2021-08-10,0,False,Bordeaux,101,SL-INDIA-NGP,Passed,
495000000193,454500305,MAT-RAFx-002,VND-0008,5,3,-2,2024-01-11,2023-10-13,90,True,Bordeaux,101,SL02,Failed,LATE_90D
495000000194,454500306,MAT-MRO-004,VND-0012,23,11,-12,2023-06-21,2023-05-22,30,True,Bordeaux,101,SL01,Passed,
495000000195,454500310,MAT-MRO-001,VND-0003,37,31,-6,2023-03-23,2023-03-08,15,True,Merignac,101,SL-INDIA-NGP,Passed,
495000000196,454500311,MAT-MRO-002,VND-0012,18,18,0,2024-07-07,2024-07-07,0,False,Bangalore,101,SL01,Passed,
495000000197,454500313,MAT-FAL8-004,VND-0014,4,2,-2,2021-04-11,2021-04-16,-5,False,Bangalore,101,SL01,Passed,
495000000198,454500317,MAT-FAL8-004,VND-0011,2,2,0,2019-06-21,2019-05-22,30,True,Bordeaux,101,SL-INDIA-NGP,Failed,
495000000199,454500321,MAT-FAL8-005,VND-0006,4,4,0,2020-07-04,2020-07-04,0,False,Bordeaux,101,SL-INDIA-NGP,Passed,
495000000200,454500323,MAT-RAFx-009,VND-0011,2,2,0,2023-04-17,2023-04-17,0,False,Merignac,101,SL03,Passed,
495000000201,454500324,MAT-RAFx-007,VND-0009,10,9,-1,2023-11-27,2023-10-28,30,True,Bordeaux,101,SL-INDIA-HYD,Passed,
495000000202,454500325,MAT-FAL8-003,VND-0002,4,4,0,2022-07-06,2022-07-06,0,False,Nagpur,101,SL01,Passed,
495000000203,454500326,MAT-RAFx-005,VND-0007,10,10,0,2022-07-20,2022-05-21,60,True,Merignac,101,SL-INDIA-NGP,Failed,LATE_60D
495000000204,454500328,MAT-FAL8-004,VND-0007,7,7,0,2022-11-09,2022-11-04,5,True,Nagpur,101,SL-INDIA-NGP,Passed,
495000000205,454500329,MAT-MRO-002,VND-0015,14,7,-7,2020-09-19,2020-09-14,5,True,Merignac,101,SL02,Passed,
495000000206,454500332,MAT-RAFx-009,VND-0003,6,6,0,2023-11-07,2023-11-02,5,True,Merignac,101,SL-INDIA-HYD,Passed,
495000000207,454500333,MAT-FAL8-004,VND-0005,9,9,0,2023-12-19,2023-11-19,30,True,Bangalore,101,SL-INDIA-HYD,Passed,
495000000208,454500334,MAT-RAFx-002,VND-0008,10,10,0,2020-05-12,2020-04-27,15,True,Merignac,101,SL-INDIA-NGP,Passed,
495000000209,454500337,MAT-FAL8-002,VND-0002,9,6,-3,2019-08-17,2019-08-17,0,False,Merignac,101,SL-INDIA-HYD,Passed,
495000000210,454500338,MAT-RAFx-003,VND-0015,8,4,-4,2023-11-24,2023-11-09,15,True,Merignac,101,SL-INDIA-NGP,Passed,
495000000211,454500339,MAT-RAFx-007,VND-0005,10,9,-1,2024-02-11,2024-02-06,5,True,Hyderabad,101,SL-INDIA-HYD,Passed,
495000000212,454500343,MAT-FAL8-002,VND-0008,2,2,0,2022-04-08,2022-02-07,60,True,Bangalore,101,SL03,Passed,LATE_60D
495000000213,454500345,MAT-FAL8-005,VND-0005,4,4,0,2020-05-29,2020-05-29,0,False,Bordeaux,101,SL02,Pending,
495000000214,454500346,MAT-RAFx-006,VND-0008,8,7,-1,2020-06-30,2020-07-05,-5,False,Hyderabad,101,SL02,Passed,
495000000215,454500347,MAT-FAL8-005,VND-0005,2,2,0,2024-01-13,2024-01-13,0,False,Merignac,101,SL-INDIA-HYD,Passed,
495000000216,454500348,MAT-FAL8-001,VND-0003,2,2,0,2021-08-18,2021-08-18,0,False,Nagpur,101,SL02,Passed,
495000000217,454500350,MAT-RAFx-001,VND-0001,4,2,-2,2024-04-05,2024-04-05,0,False,Merignac,101,SL02,Passed,
495000000218,454500353,MAT-RAFx-001,VND-0007,7,6,-1,2020-09-16,2020-07-18,60,True,Bordeaux,101,SL01,Failed,LATE_60D
495000000219,454500354,MAT-MRO-005,VND-0010,10,5,-5,2021-06-23,2021-06-08,15,True,Merignac,101,SL02,Passed,
495000000220,454500355,MAT-RAFx-009,VND-0007,3,1,-2,2023-06-09,2023-06-04,5,True,Bangalore,101,SL-INDIA-HYD,Failed,
495000000221,454500356,MAT-FAL8-003,VND-0013,6,4,-2,2024-04-22,2024-02-22,60,True,Nagpur,101,SL02,Passed,LATE_60D
495000000222,454500359,MAT-RAFx-002,VND-0013,4,2,-2,2024-03-06,2024-02-05,30,True,Bordeaux,101,SL02,Passed,
495000000223,454500361,MAT-RAFx-005,VND-0010,4,4,0,2024-06-24,2024-04-25,60,True,Merignac,101,SL-INDIA-NGP,Passed,LATE_60D
495000000224,454500364,MAT-MRO-002,VND-0014,24,24,0,2021-09-29,2021-09-24,5,True,Nagpur,101,SL-INDIA-NGP,Passed,
495000000225,454500365,MAT-RAFx-006,VND-0012,7,7,0,2025-02-24,2025-02-24,0,False,Bangalore,101,SL01,Passed,
495000000226,454500366,MAT-FAL8-002,VND-0004,10,10,0,2021-08-19,2021-08-19,0,False,Bordeaux,101,SL03,Passed,
495000000227,454500367,MAT-MRO-004,VND-0007,50,50,0,2019-07-09,2019-07-09,0,False,Bangalore,101,SL03,Passed,
495000000228,454500368,MAT-MRO-004,VND-0002,32,21,-11,2023-05-15,2023-05-15,0,False,Bordeaux,101,SL01,Passed,
495000000229,454500369,MAT-FAL8-001,VND-0008,1,0,-1,2020-07-29,2020-07-29,0,False,Merignac,101,SL02,Passed,
495000000230,454500370,MAT-FAL8-003,VND-0008,7,7,0,2024-08-14,2024-08-14,0,False,Bangalore,101,SL-INDIA-HYD,Passed,
495000000231,454500371,MAT-RAFx-004,VND-0014,8,8,0,2023-03-27,2023-03-27,0,False,Hyderabad,101,SL03,Failed,
495000000232,454500373,MAT-RAFx-003,VND-0009,2,2,0,2023-03-09,2023-03-14,-5,False,Bordeaux,101,SL01,Pending,
495000000233,454500374,MAT-FAL8-004,VND-0003,1,0,-1,2020-07-16,2020-07-01,15,True,Bangalore,101,SL-INDIA-HYD,Passed,
495000000234,454500375,MAT-RAFx-010,VND-0005,4,4,0,2022-03-02,2022-01-31,30,True,Merignac,101,SL01,Pending,
495000000235,454500376,MAT-RAFx-001,VND-0007,2,2,0,2023-09-07,2023-09-02,5,True,Merignac,101,SL02,Passed,
495000000236,454500377,MAT-RAFx-006,VND-0011,5,4,-1,2021-11-24,2021-11-24,0,False,Hyderabad,101,SL02,Passed,
495000000237,454500378,MAT-RAFx-003,VND-0011,9,8,-1,2021-09-11,2021-09-11,0,False,Nagpur,101,SL-INDIA-NGP,Passed,
495000000238,454500380,MAT-FAL8-002,VND-0013,9,8,-1,2024-02-24,2024-02-24,0,False,Hyderabad,101,SL-INDIA-HYD,Failed,
495000000239,454500381,MAT-FAL8-004,VND-0009,8,4,-4,2021-02-09,2021-01-25,15,True,Merignac,101,SL01,Passed,
495000000240,454500384,MAT-RAFx-009,VND-0006,2,2,0,2022-10-09,2022-10-04,5,True,Bangalore,101,SL02,Passed,
495000000241,454500386,MAT-MRO-004,VND-0013,7,7,0,2022-06-02,2022-05-18,15,True,Nagpur,101,SL-INDIA-HYD,Passed,
495000000242,454500390,MAT-RAFx-010,VND-0012,8,8,0,2021-04-09,2021-04-04,5,True,Merignac,101,SL03,Passed,
495000000243,454500393,MAT-RAFx-008,VND-0001,8,4,-4,2021-06-03,2021-05-19,15,True,Bangalore,101,SL03,Passed,
495000000244,454500394,MAT-RAFx-004,VND-0011,1,0,-1,2022-09-27,2022-08-28,30,True,Hyderabad,101,SL-INDIA-NGP,Passed,
495000000245,454500395,MAT-MRO-003,VND-0006,23,23,0,2024-06-16,2024-06-16,0,False,Nagpur,101,SL03,Passed,
495000000246,454500397,MAT-FAL8-004,VND-0009,1,1,0,2023-05-25,2023-05-25,0,False,Bordeaux,101,SL02,Passed,
495000000247,454500398,MAT-RAFx-001,VND-0004,5,5,0,2024-11-17,2024-10-18,30,True,Nagpur,101,SL03,Passed,
495000000248,454500399,MAT-FAL8-003,VND-0014,6,3,-3,2020-12-15,2020-12-15,0,False,Bangalore,101,SL-INDIA-NGP,Passed,
495000000249,454500400,MAT-MRO-004,VND-0002,1,1,0,2023-05-02,2023-04-27,5,True,Nagpur,101,SL03,Passed,
495000000250,454500401,MAT-RAFx-004,VND-0008,2,1,-1,2021-07-12,2021-07-12,0,False,Nagpur,101,SL02,Passed,
495000000251,454500402,MAT-RAFx-005,VND-0009,4,3,-1,2024-06-14,2024-06-09,5,True,Bordeaux,101,SL-INDIA-NGP,Passed,
495000000252,454500403,MAT-MRO-001,VND-0005,17,17,0,2021-12-07,2021-11-22,15,True,Bangalore,101,SL01,Passed,
495000000253,454500406,MAT-FAL8-001,VND-0011,2,1,-1,2020-10-11,2020-10-06,5,True,Nagpur,101,SL-INDIA-NGP,Passed,
495000000254,454500408,MAT-MRO-001,VND-0015,13,13,0,2024-07-09,2024-06-24,15,True,Bordeaux,101,SL03,Passed,
495000000255,454500412,MAT-FAL8-004,VND-0008,7,7,0,2022-05-10,2022-05-10,0,False,Nagpur,101,SL-INDIA-NGP,Passed,
495000000256,454500413,MAT-RAFx-007,VND-0001,1,1,0,2020-10-16,2020-10-16,0,False,Bordeaux,101,SL01,Passed,
495000000257,454500414,MAT-FAL8-003,VND-0009,10,6,-4,2019-07-21,2019-07-06,15,True,Bangalore,101,SL01,Passed,
495000000258,454500416,MAT-FAL8-003,VND-0001,4,4,0,2020-02-11,2020-02-11,0,False,Bordeaux,101,SL-INDIA-HYD,Failed,
495000000259,454500417,MAT-FAL8-002,VND-0012,1,1,0,2023-01-16,2023-01-11,5,True,Bangalore,101,SL01,Pending,
495000000260,454500418,MAT-RAFx-004,VND-0011,1,0,-1,2020-04-30,2020-04-25,5,True,Nagpur,101,SL-INDIA-HYD,Passed,
495000000261,454500419,MAT-RAFx-005,VND-0004,1,1,0,2023-02-05,2022-12-07,60,True,Bangalore,101,SL01,Passed,LATE_60D
495000000262,454500420,MAT-FAL8-004,VND-0014,2,1,-1,2022-09-17,2022-09-17,0,False,Hyderabad,101,SL03,Passed,
495000000263,454500421,MAT-MRO-005,VND-0004,5,5,0,2020-09-23,2020-09-18,5,True,Merignac,101,SL01,Passed,
495000000264,454500422,MAT-MRO-001,VND-0015,14,8,-6,2022-03-29,2022-03-29,0,False,Merignac,101,SL02,Passed,
495000000265,454500430,MAT-FAL8-001,VND-0001,9,7,-2,2023-02-08,2023-02-08,0,False,Nagpur,101,SL03,Passed,
495000000266,454500431,MAT-MRO-002,VND-0012,45,45,0,2022-01-08,2021-11-09,60,True,Hyderabad,101,SL03,Passed,LATE_60D
495000000267,454500432,MAT-MRO-003,VND-0015,40,40,0,2022-12-03,2022-11-28,5,True,Hyderabad,101,SL02,Pending,
495000000268,454500436,MAT-MRO-005,VND-0011,5,5,0,2022-07-05,2022-07-10,-5,False,Nagpur,101,SL01,Passed,
495000000269,454500437,MAT-RAFx-002,VND-0014,4,4,0,2021-09-27,2021-09-22,5,True,Nagpur,101,SL-INDIA-HYD,Passed,
495000000270,454500442,MAT-MRO-004,VND-0008,33,33,0,2024-06-12,2024-06-07,5,True,Bordeaux,101,SL02,Passed,
495000000271,454500445,MAT-MRO-003,VND-0014,21,21,0,2025-02-01,2025-02-06,-5,False,Bangalore,101,SL02,Passed,
495000000272,454500446,MAT-FAL8-002,VND-0015,3,3,0,2023-01-07,2022-12-23,15,True,Nagpur,101,SL-INDIA-NGP,Passed,
495000000273,454500447,MAT-FAL8-002,VND-0009,8,8,0,2024-12-13,2024-12-13,0,False,Bangalore,101,SL03,Failed,
495000000274,454500449,MAT-RAFx-006,VND-0005,5,3,-2,2019-11-05,2019-11-05,0,False,Nagpur,101,SL-INDIA-NGP,Passed,
495000000275,454500450,MAT-RAFx-004,VND-0010,9,9,0,2024-03-11,2024-02-25,15,True,Nagpur,101,SL-INDIA-HYD,Passed,
495000000276,454500452,MAT-FAL8-005,VND-0014,4,3,-1,2023-12-10,2023-12-10,0,False,Bangalore,101,SL-INDIA-NGP,Passed,
495000000277,454500455,MAT-FAL8-005,VND-0012,3,3,0,2024-10-02,2024-09-27,5,True,Bangalore,101,SL03,Passed,
495000000278,454500456,MAT-MRO-001,VND-0013,37,37,0,2019-12-08,2019-12-08,0,False,Bangalore,101,SL01,Passed,
495000000279,454500457,MAT-MRO-002,VND-0003,27,14,-13,2021-06-27,2021-06-22,5,True,Nagpur,101,SL-INDIA-HYD,Passed,
495000000280,454500458,MAT-FAL8-002,VND-0005,4,4,0,2023-04-17,2023-04-17,0,False,Merignac,101,SL01,Passed,
495000000281,454500459,MAT-FAL8-002,VND-0008,4,2,-2,2023-05-24,2023-05-24,0,False,Hyderabad,101,SL03,Failed,
495000000282,454500460,MAT-FAL8-003,VND-0005,9,9,0,2019-12-16,2019-12-11,5,True,Bangalore,101,SL02,Passed,
495000000283,454500461,MAT-MRO-001,VND-0001,19,19,0,2020-11-09,2020-08-11,90,True,Bordeaux,101,SL-INDIA-NGP,Pending,LATE_90D
495000000284,454500462,MAT-MRO-003,VND-0001,41,41,0,2023-10-06,2023-09-21,15,True,Hyderabad,101,SL01,Passed,
495000000285,454500463,MAT-RAFx-007,VND-0009,7,7,0,2024-06-18,2024-06-13,5,True,Hyderabad,101,SL01,Passed,
495000000286,454500464,MAT-RAFx-002,VND-0002,2,2,0,2023-11-20,2023-11-20,0,False,Bordeaux,101,SL03,Passed,
495000000287,454500466,MAT-MRO-005,VND-0002,10,6,-4,2023-12-10,2023-12-10,0,False,Nagpur,101,SL02,Passed,
495000000288,454500467,MAT-MRO-005,VND-0002,5,2,-3,2022-04-26,2022-01-26,90,True,Hyderabad,101,SL02,Passed,LATE_90D
495000000289,454500468,MAT-MRO-003,VND-0004,9,7,-2,2024-06-23,2024-04-24,60,True,Nagpur,101,SL01,Passed,LATE_60D
495000000290,454500469,MAT-RAFx-001,VND-0009,9,9,0,2019-05-03,2019-04-28,5,True,Bangalore,101,SL-INDIA-NGP,Passed,
495000000291,454500474,MAT-MRO-005,VND-0011,5,5,0,2020-10-23,2020-09-23,30,True,Hyderabad,101,SL02,Passed,
495000000292,454500475,MAT-RAFx-001,VND-0006,4,2,-2,2023-12-27,2023-12-22,5,True,Bordeaux,101,SL03,Passed,
495000000293,454500476,MAT-MRO-001,VND-0008,29,29,0,2021-06-18,2021-06-23,-5,False,Bangalore,101,SL-INDIA-HYD,Passed,
495000000294,454500477,MAT-RAFx-009,VND-0014,3,3,0,2020-08-19,2020-07-20,30,True,Merignac,101,SL03,Passed,
495000000295,454500478,MAT-MRO-002,VND-0011,2,2,0,2022-12-08,2022-11-23,15,True,Merignac,101,SL-INDIA-NGP,Passed,
495000000296,454500479,MAT-RAFx-009,VND-0009,9,7,-2,2023-08-21,2023-08-21,0,False,Bangalore,101,SL03,Passed,
495000000297,454500480,MAT-RAFx-005,VND-0008,9,9,0,2021-10-30,2021-10-25,5,True,Bangalore,101,SL-INDIA-HYD,Failed,
495000000298,454500481,MAT-MRO-002,VND-0003,29,29,0,2023-04-18,2023-01-18,90,True,Hyderabad,101,SL01,Failed,LATE_90D
495000000299,454500482,MAT-RAFx-002,VND-0004,8,4,-4,2021-01-30,2021-01-30,0,False,Bangalore,101,SL02,Passed,
495000000300,454500483,MAT-FAL8-003,VND-0008,8,6,-2,2020-03-19,2020-03-19,0,False,Bangalore,101,SL02,Passed,
495000000301,454500484,MAT-RAFx-009,VND-0010,9,5,-4,2022-03-11,2022-02-09,30,True,Merignac,101,SL-INDIA-NGP,Passed,
495000000302,454500485,MAT-RAFx-009,VND-0007,4,4,0,2021-07-22,2021-07-17,5,True,Bangalore,101,SL-INDIA-HYD,Passed,
495000000303,454500486,MAT-MRO-002,VND-0015,9,9,0,2020-07-09,2020-06-24,15,True,Bordeaux,101,SL-INDIA-HYD,Passed,
495000000304,454500487,MAT-RAFx-006,VND-0006,10,5,-5,2020-01-20,2020-01-25,-5,False,Merignac,101,SL03,Passed,
495000000305,454500491,MAT-MRO-001,VND-0003,15,15,0,2022-09-25,2022-08-26,30,True,Bordeaux,101,SL03,Passed,
495000000306,454500492,MAT-MRO-002,VND-0005,11,11,0,2021-08-26,2021-08-21,5,True,Hyderabad,101,SL03,Passed,
495000000307,454500493,MAT-RAFx-005,VND-0002,1,1,0,2024-08-10,2024-08-10,0,False,Bangalore,101,SL03,Passed,
495000000308,454500494,MAT-RAFx-006,VND-0008,10,10,0,2024-09-30,2024-09-30,0,False,Hyderabad,101,SL-INDIA-HYD,Pending,
495000000309,454500495,MAT-MRO-005,VND-0009,1,0,-1,2024-05-02,2024-05-02,0,False,Merignac,101,SL-INDIA-NGP,Passed,
495000000310,454500496,MAT-FAL8-004,VND-0004,8,8,0,2021-11-15,2021-09-16,60,True,Bangalore,101,SL02,Passed,LATE_60D
495000000311,454500497,MAT-FAL8-004,VND-0003,5,3,-2,2020-07-17,2020-07-02,15,True,Hyderabad,101,SL03,Passed,
495000000312,454500499,MAT-FAL8-002,VND-0002,3,1,-2,2022-09-19,2022-09-19,0,False,Bangalore,101,SL01,Passed,
495000000313,454500500,MAT-MRO-005,VND-0005,7,7,0,2022-03-04,2022-03-04,0,False,Nagpur,101,SL01,Passed,
495000000314,454500501,MAT-MRO-003,VND-0008,17,17,0,2022-10-21,2022-10-21,0,False,Bordeaux,101,SL01,Passed,
495000000315,454500502,MAT-RAFx-008,VND-0008,3,3,0,2022-07-05,2022-06-30,5,True,Bangalore,101,SL01,Passed,
495000000316,454500503,MAT-RAFx-006,VND-0007,1,1,0,2023-12-01,2023-11-26,5,True,Merignac,101,SL02,Passed,
495000000317,454500505,MAT-MRO-005,VND-0001,3,1,-2,2021-07-18,2021-07-23,-5,False,Bangalore,101,SL03,Passed,
495000000318,454500506,MAT-RAFx-007,VND-0001,10,10,0,2023-05-28,2023-04-28,30,True,Nagpur,101,SL-INDIA-HYD,Passed,
495000000319,454500507,MAT-RAFx-001,VND-0003,2,1,-1,2024-01-05,2024-01-05,0,False,Bangalore,101,SL03,Passed,
495000000320,454500508,MAT-MRO-002,VND-0001,48,48,0,2024-05-17,2024-05-12,5,True,Bangalore,101,SL02,Passed,
495000000321,454500509,MAT-FAL8-002,VND-0006,5,5,0,2024-10-02,2024-10-02,0,False,Merignac,101,SL02,Passed,
495000000322,454500510,MAT-RAFx-006,VND-0007,9,4,-5,2020-03-11,2020-03-11,0,False,Bangalore,101,SL-INDIA-HYD,Passed,
495000000323,454500511,MAT-MRO-003,VND-0014,37,37,0,2022-02-18,2022-02-03,15,True,Nagpur,101,SL03,Passed,
495000000324,454500512,MAT-FAL8-005,VND-0015,10,8,-2,2022-01-11,2021-12-12,30,True,Bordeaux,101,SL-INDIA-HYD,Passed,
495000000325,454500513,MAT-FAL8-001,VND-0007,6,3,-3,2019-07-08,2019-07-03,5,True,Nagpur,101,SL02,Pending,
495000000326,454500515,MAT-RAFx-007,VND-0004,4,3,-1,2020-07-24,2020-07-24,0,False,Bangalore,101,SL02,Passed,
495000000327,454500516,MAT-RAFx-005,VND-0013,2,2,0,2020-03-23,2020-03-18,5,True,Bangalore,101,SL01,Passed,
495000000328,454500518,MAT-FAL8-003,VND-0004,10,10,0,2022-09-14,2022-08-15,30,True,Bangalore,101,SL01,Passed,
495000000329,454500519,MAT-FAL8-003,VND-0014,3,3,0,2020-07-25,2020-06-25,30,True,Merignac,101,SL-INDIA-NGP,Passed,
495000000330,454500521,MAT-MRO-005,VND-0006,6,4,-2,2021-10-02,2021-10-02,0,False,Nagpur,101,SL01,Passed,
495000000331,454500522,MAT-RAFx-009,VND-0008,3,3,0,2022-08-19,2022-08-19,0,False,Bordeaux,101,SL-INDIA-NGP,Passed,
495000000332,454500523,MAT-FAL8-004,VND-0014,7,7,0,2023-10-11,2023-10-11,0,False,Bordeaux,101,SL-INDIA-HYD,Passed,
495000000333,454500524,MAT-MRO-003,VND-0012,21,21,0,2021-02-11,2021-02-11,0,False,Hyderabad,101,SL-INDIA-HYD,Passed,
495000000334,454500527,MAT-MRO-004,VND-0010,42,40,-2,2020-08-15,2020-06-16,60,True,Hyderabad,101,SL03,Passed,LATE_60D
495000000335,454500530,MAT-RAFx-009,VND-0010,7,7,0,2022-03-02,2022-01-31,30,True,Hyderabad,101,SL-INDIA-HYD,Passed,
495000000336,454500532,MAT-RAFx-006,VND-0007,2,2,0,2025-01-14,2024-12-30,15,True,Merignac,101,SL03,Passed,
495000000337,454500533,MAT-RAFx-009,VND-0010,3,2,-1,2024-11-11,2024-11-06,5,True,Nagpur,101,SL03,Passed,
495000000338,454500534,MAT-RAFx-005,VND-0003,9,9,0,2019-05-16,2019-04-16,30,True,Nagpur,101,SL-INDIA-NGP,Passed,
495000000339,454500536,MAT-MRO-004,VND-0010,30,21,-9,2023-06-09,2023-06-09,0,False,Bangalore,101,SL-INDIA-HYD,Passed,
495000000340,454500537,MAT-FAL8-002,VND-0008,9,8,-1,2020-06-13,2020-03-15,90,True,Bordeaux,101,SL-INDIA-NGP,Passed,LATE_90D
495000000341,454500538,MAT-RAFx-001,VND-0001,9,8,-1,2024-03-10,2024-01-10,60,True,Merignac,101,SL02,Passed,LATE_60D
495000000342,454500539,MAT-MRO-001,VND-0005,1,1,0,2023-12-24,2023-12-19,5,True,Bangalore,101,SL01,Passed,
495000000343,454500540,MAT-RAFx-007,VND-0007,9,9,0,2020-09-16,2020-09-16,0,False,Hyderabad,101,SL03,Failed,
495000000344,454500541,MAT-RAFx-009,VND-0002,7,7,0,2022-11-07,2022-11-02,5,True,Nagpur,101,SL01,Passed,
495000000345,454500542,MAT-RAFx-009,VND-0007,4,2,-2,2020-04-12,2020-04-17,-5,False,Bangalore,101,SL-INDIA-NGP,Passed,
495000000346,454500544,MAT-RAFx-004,VND-0005,5,4,-1,2021-10-18,2021-07-20,90,True,Hyderabad,101,SL03,Passed,LATE_90D
495000000347,454500545,MAT-FAL8-001,VND-0007,5,5,0,2022-08-23,2022-05-25,90,True,Nagpur,101,SL01,Failed,LATE_90D
495000000348,454500546,MAT-RAFx-005,VND-0001,5,5,0,2020-05-29,2020-03-30,60,True,Nagpur,101,SL-INDIA-HYD,Passed,LATE_60D
495000000349,454500547,MAT-RAFx-001,VND-0002,4,4,0,2021-12-04,2021-11-29,5,True,Merignac,101,SL-INDIA-NGP,Passed,
495000000350,454500550,MAT-RAFx-008,VND-0011,7,7,0,2020-06-02,2020-05-28,5,True,Bordeaux,101,SL-INDIA-HYD,Passed,
495000000351,454500551,MAT-RAFx-002,VND-0010,8,8,0,2020-06-16,2020-06-21,-5,False,Hyderabad,101,SL01,Passed,
495000000352,454500552,MAT-MRO-005,VND-0006,1,1,0,2022-12-14,2022-11-29,15,True,Bordeaux,101,SL02,Failed,
495000000353,454500553,MAT-RAFx-008,VND-0006,9,9,0,2023-10-23,2023-10-23,0,False,Bordeaux,101,SL-INDIA-NGP,Passed,
495000000354,454500554,MAT-FAL8-003,VND-0006,3,3,0,2019-12-25,2019-12-25,0,False,Bangalore,101,SL-INDIA-NGP,Passed,
495000000355,454500555,MAT-RAFx-007,VND-0010,3,1,-2,2021-07-20,2021-07-20,0,False,Bangalore,101,SL-INDIA-HYD,Passed,
495000000356,454500556,MAT-RAFx-003,VND-0009,3,3,0,2024-02-16,2024-01-17,30,True,Bangalore,101,SL-INDIA-HYD,Passed,
495000000357,454500557,MAT-RAFx-006,VND-0015,1,0,-1,2021-12-28,2021-12-28,0,False,Bangalore,101,SL03,Failed,
495000000358,454500558,MAT-RAFx-007,VND-0009,8,7,-1,2020-10-20,2020-10-20,0,False,Nagpur,101,SL03,Passed,
495000000359,454500560,MAT-RAFx-002,VND-0010,7,7,0,2023-01-25,2022-11-26,60,True,Nagpur,101,SL-INDIA-NGP,Passed,LATE_60D
495000000360,454500561,MAT-MRO-005,VND-0012,2,2,0,2024-07-30,2024-07-15,15,True,Merignac,101,SL01,Passed,
495000000361,454500562,MAT-RAFx-002,VND-0006,9,9,0,2024-09-26,2024-08-27,30,True,Merignac,101,SL-INDIA-HYD,Passed,
495000000362,454500564,MAT-RAFx-004,VND-0012,4,4,0,2020-05-31,2020-05-31,0,False,Bordeaux,101,SL02,Passed,
495000000363,454500565,MAT-MRO-003,VND-0007,48,28,-20,2023-06-21,2023-06-21,0,False,Hyderabad,101,SL-INDIA-HYD,Passed,
495000000364,454500566,MAT-RAFx-006,VND-0013,3,3,0,2022-05-25,2022-05-20,5,True,Bangalore,101,SL01,Passed,
495000000365,454500567,MAT-FAL8-002,VND-0015,6,3,-3,2021-06-08,2021-06-03,5,True,Nagpur,101,SL-INDIA-NGP,Passed,
495000000366,454500569,MAT-FAL8-003,VND-0001,1,1,0,2022-06-27,2022-06-12,15,True,Nagpur,101,SL-INDIA-HYD,Pending,
495000000367,454500571,MAT-RAFx-005,VND-0002,1,0,-1,2020-02-24,2020-02-24,0,False,Bordeaux,101,SL02,Passed,
495000000368,454500573,MAT-RAFx-006,VND-0008,10,10,0,2020-06-13,2020-06-13,0,False,Hyderabad,101,SL-INDIA-HYD,Passed,
495000000369,454500574,MAT-RAFx-002,VND-0015,6,3,-3,2024-04-04,2024-04-09,-5,False,Bordeaux,101,SL01,Passed,
495000000370,454500575,MAT-RAFx-001,VND-0011,7,3,-4,2022-01-29,2022-01-29,0,False,Nagpur,101,SL02,Passed,
495000000371,454500576,MAT-RAFx-008,VND-0003,1,1,0,2021-12-13,2021-11-28,15,True,Merignac,101,SL02,Passed,
495000000372,454500577,MAT-FAL8-004,VND-0005,7,7,0,2021-02-14,2021-01-30,15,True,Bangalore,101,SL03,Passed,
495000000373,454500578,MAT-RAFx-009,VND-0002,7,7,0,2023-08-23,2023-08-08,15,True,Bordeaux,101,SL02,Passed,
495000000374,454500579,MAT-FAL8-003,VND-0011,10,7,-3,2023-04-14,2023-04-09,5,True,Hyderabad,101,SL02,Passed,
495000000375,454500580,MAT-MRO-004,VND-0002,8,7,-1,2021-12-20,2021-12-20,0,False,Bangalore,101,SL03,Passed,
495000000376,454500581,MAT-RAFx-010,VND-0003,6,6,0,2024-03-15,2024-03-15,0,False,Bordeaux,101,SL-INDIA-NGP,Passed,
495000000377,454500583,MAT-FAL8-001,VND-0012,2,1,-1,2021-10-02,2021-10-02,0,False,Bordeaux,101,SL-INDIA-HYD,Passed,
495000000378,454500584,MAT-MRO-003,VND-0009,49,49,0,2022-09-04,2022-08-30,5,True,Merignac,101,SL02,Passed,
495000000379,454500586,MAT-RAFx-002,VND-0008,1,1,0,2023-03-31,2023-03-01,30,True,Nagpur,101,SL-INDIA-NGP,Passed,
495000000380,454500588,MAT-MRO-005,VND-0009,2,2,0,2022-07-18,2022-07-13,5,True,Merignac,101,SL-INDIA-NGP,Passed,
495000000381,454500592,MAT-FAL8-004,VND-0004,10,8,-2,2021-10-05,2021-09-05,30,True,Bordeaux,101,SL02,Passed,
495000000382,454500593,MAT-MRO-004,VND-0009,44,34,-10,2024-04-10,2024-02-10,60,True,Bangalore,101,SL03,Passed,LATE_60D
495000000383,454500594,MAT-FAL8-004,VND-0015,3,1,-2,2022-07-05,2022-06-20,15,True,Merignac,101,SL-INDIA-NGP,Passed,
495000000384,454500597,MAT-MRO-005,VND-0010,10,10,0,2020-11-14,2020-09-15,60,True,Hyderabad,101,SL-INDIA-HYD,Passed,LATE_60D
495000000385,454500600,MAT-RAFx-007,VND-0002,3,3,0,2022-05-29,2022-05-29,0,False,Hyderabad,101,SL02,Passed,
495000000386,454500601,MAT-FAL8-004,VND-0007,1,1,0,2024-03-27,2024-03-27,0,False,Bangalore,101,SL-INDIA-HYD,Passed,
495000000387,454500602,MAT-MRO-003,VND-0009,42,42,0,2023-07-24,2023-07-19,5,True,Merignac,101,SL01,Passed,
495000000388,454500603,MAT-MRO-002,VND-0009,26,17,-9,2020-01-31,2020-01-31,0,False,Merignac,101,SL01,Passed,
495000000389,454500604,MAT-RAFx-010,VND-0008,7,7,0,2023-11-01,2023-10-27,5,True,Bangalore,101,SL03,Passed,
495000000390,454500607,MAT-RAFx-003,VND-0005,6,6,0,2024-05-24,2024-05-24,0,False,Merignac,101,SL03,Passed,
495000000391,454500608,MAT-FAL8-002,VND-0002,9,9,0,2023-11-20,2023-11-15,5,True,Bangalore,101,SL02,Passed,
495000000392,454500611,MAT-RAFx-009,VND-0001,8,8,0,2022-08-22,2022-08-22,0,False,Hyderabad,101,SL-INDIA-HYD,Passed,
495000000393,454500612,MAT-RAFx-007,VND-0010,8,8,0,2021-09-06,2021-09-01,5,True,Nagpur,101,SL-INDIA-NGP,Passed,
495000000394,454500613,MAT-MRO-003,VND-0014,14,14,0,2020-01-02,2019-12-28,5,True,Bangalore,101,SL02,Passed,
495000000395,454500616,MAT-RAFx-003,VND-0013,7,7,0,2019-11-08,2019-11-08,0,False,Nagpur,101,SL03,Passed,
495000000396,454500618,MAT-MRO-001,VND-0012,45,23,-22,2023-11-27,2023-11-27,0,False,Nagpur,101,SL02,Passed,
495000000397,454500619,MAT-MRO-004,VND-0010,23,23,0,2023-06-25,2023-04-26,60,True,Hyderabad,101,SL-INDIA-HYD,Passed,LATE_60D
495000000398,454500621,MAT-MRO-005,VND-0007,7,7,0,2021-10-29,2021-10-29,0,False,Bordeaux,101,SL03,Pending,
495000000399,454500622,MAT-RAFx-009,VND-0013,2,1,-1,2022-09-10,2022-09-10,0,False,Nagpur,101,SL-INDIA-HYD,Passed,
495000000400,454500623,MAT-MRO-004,VND-0010,2,2,0,2020-08-19,2020-08-19,0,False,Hyderabad,101,SL-INDIA-HYD,Pending,
495000000401,454500625,MAT-FAL8-004,VND-0015,1,1,0,2021-09-19,2021-07-21,60,True,Bangalore,101,SL02,Pending,LATE_60D
495000000402,454500627,MAT-FAL8-003,VND-0011,9,5,-4,2023-02-23,2023-02-18,5,True,Nagpur,101,SL03,Passed,
495000000403,454500628,MAT-RAFx-002,VND-0005,7,3,-4,2024-05-01,2024-05-01,0,False,Nagpur,101,SL02,Passed,
495000000404,454500629,MAT-MRO-002,VND-0005,12,12,0,2023-07-20,2023-07-15,5,True,Hyderabad,101,SL02,Passed,
495000000405,454500630,MAT-RAFx-001,VND-0013,8,4,-4,2020-04-02,2020-03-18,15,True,Bangalore,101,SL02,Passed,
495000000406,454500631,MAT-FAL8-001,VND-0003,2,2,0,2025-01-24,2025-01-24,0,False,Merignac,101,SL02,Failed,
495000000407,454500632,MAT-FAL8-003,VND-0012,9,9,0,2020-11-19,2020-11-19,0,False,Merignac,101,SL02,Passed,
495000000408,454500634,MAT-RAFx-007,VND-0004,5,5,0,2021-07-02,2021-06-27,5,True,Bordeaux,101,SL03,Passed,
495000000409,454500635,MAT-RAFx-004,VND-0001,10,10,0,2019-12-11,2019-12-11,0,False,Nagpur,101,SL01,Passed,
495000000410,454500637,MAT-RAFx-001,VND-0008,1,0,-1,2019-07-19,2019-07-04,15,True,Bangalore,101,SL-INDIA-NGP,Passed,
495000000411,454500638,MAT-FAL8-005,VND-0010,6,6,0,2024-01-10,2023-12-11,30,True,Bangalore,101,SL02,Passed,
495000000412,454500641,MAT-FAL8-005,VND-0008,1,1,0,2020-03-16,2020-03-16,0,False,Nagpur,101,SL02,Passed,
495000000413,454500642,MAT-MRO-005,VND-0010,3,2,-1,2021-09-01,2021-07-03,60,True,Nagpur,101,SL03,Failed,LATE_60D
495000000414,454500643,MAT-FAL8-005,VND-0007,10,10,0,2022-12-26,2022-11-26,30,True,Hyderabad,101,SL-INDIA-NGP,Passed,
495000000415,454500644,MAT-FAL8-001,VND-0004,10,10,0,2022-05-01,2022-04-26,5,True,Bordeaux,101,SL03,Passed,
495000000416,454500645,MAT-RAFx-003,VND-0012,10,10,0,2020-08-05,2020-07-21,15,True,Merignac,101,SL-INDIA-HYD,Passed,
495000000417,454500646,MAT-RAFx-006,VND-0005,7,7,0,2020-08-10,2020-07-11,30,True,Hyderabad,101,SL02,Passed,
495000000418,454500647,MAT-RAFx-003,VND-0004,3,3,0,2025-01-13,2025-01-13,0,False,Bordeaux,101,SL03,Passed,
495000000419,454500648,MAT-MRO-003,VND-0005,25,19,-6,2021-11-06,2021-11-11,-5,False,Nagpur,101,SL-INDIA-NGP,Failed,
495000000420,454500651,MAT-FAL8-002,VND-0002,5,5,0,2021-01-07,2021-01-02,5,True,Nagpur,101,SL02,Passed,
495000000421,454500652,MAT-FAL8-003,VND-0007,7,7,0,2023-01-09,2023-01-14,-5,False,Hyderabad,101,SL03,Passed,
495000000422,454500655,MAT-FAL8-004,VND-0010,3,3,0,2022-03-26,2022-03-26,0,False,Bordeaux,101,SL02,Passed,
495000000423,454500656,MAT-FAL8-004,VND-0010,1,1,0,2024-02-29,2024-02-29,0,False,Bangalore,101,SL-INDIA-NGP,Passed,
495000000424,454500659,MAT-MRO-001,VND-0011,48,48,0,2022-12-14,2022-12-09,5,True,Bangalore,101,SL03,Pending,
495000000425,454500660,MAT-MRO-005,VND-0001,6,6,0,2019-10-20,2019-10-20,0,False,Bangalore,101,SL02,Passed,
495000000426,454500661,MAT-FAL8-004,VND-0006,5,5,0,2020-02-17,2020-02-12,5,True,Bangalore,101,SL01,Passed,
495000000427,454500662,MAT-RAFx-002,VND-0011,8,8,0,2022-05-14,2022-05-14,0,False,Bangalore,101,SL01,Passed,
495000000428,454500663,MAT-RAFx-010,VND-0008,2,1,-1,2019-11-26,2019-11-26,0,False,Nagpur,101,SL02,Passed,
495000000429,454500664,MAT-RAFx-001,VND-0012,2,2,0,2025-01-09,2025-01-04,5,True,Nagpur,101,SL-INDIA-NGP,Passed,
495000000430,454500666,MAT-MRO-005,VND-0015,3,3,0,2023-11-13,2023-11-18,-5,False,Hyderabad,101,SL-INDIA-NGP,Passed,
495000000431,454500668,MAT-MRO-001,VND-0012,49,49,0,2020-12-03,2020-12-03,0,False,Nagpur,101,SL-INDIA-NGP,Passed,
495000000432,454500669,MAT-MRO-002,VND-0014,28,22,-6,2024-12-02,2024-11-27,5,True,Bangalore,101,SL-INDIA-NGP,Passed,
495000000433,454500670,MAT-RAFx-004,VND-0015,9,9,0,2025-02-02,2025-01-18,15,True,Nagpur,101,SL03,Passed,
495000000434,454500671,MAT-RAFx-009,VND-0005,2,2,0,2023-02-25,2022-11-27,90,True,Bordeaux,101,SL01,Passed,LATE_90D
495000000435,454500672,MAT-RAFx-007,VND-0009,6,6,0,2020-10-10,2020-07-12,90,True,Merignac,101,SL-INDIA-HYD,Passed,LATE_90D
495000000436,454500673,MAT-FAL8-004,VND-0002,9,4,-5,2022-02-26,2022-01-27,30,True,Bordeaux,101,SL01,Passed,
495000000437,454500675,MAT-MRO-005,VND-0003,7,7,0,2025-03-13,2025-01-12,60,True,Merignac,101,SL-INDIA-HYD,Passed,LATE_60D
495000000438,454500676,MAT-RAFx-009,VND-0005,8,8,0,2020-06-01,2020-05-27,5,True,Hyderabad,101,SL-INDIA-HYD,Passed,
495000000439,454500677,MAT-RAFx-009,VND-0003,2,1,-1,2019-12-24,2019-12-19,5,True,Nagpur,101,SL03,Passed,
495000000440,454500678,MAT-RAFx-006,VND-0008,2,2,0,2024-08-25,2024-07-26,30,True,Hyderabad,101,SL-INDIA-NGP,Passed,
495000000441,454500681,MAT-FAL8-003,VND-0005,3,3,0,2024-10-13,2024-09-13,30,True,Hyderabad,101,SL03,Passed,
495000000442,454500684,MAT-MRO-003,VND-0014,22,22,0,2022-01-24,2022-01-24,0,False,Merignac,101,SL03,Passed,
495000000443,454500685,MAT-RAFx-007,VND-0005,7,7,0,2023-02-08,2023-02-13,-5,False,Hyderabad,101,SL03,Passed,
495000000444,454500686,MAT-RAFx-005,VND-0001,4,4,0,2022-09-28,2022-09-28,0,False,Bangalore,101,SL01,Passed,
495000000445,454500687,MAT-MRO-001,VND-0009,29,15,-14,2019-03-23,2019-03-23,0,False,Merignac,101,SL01,Passed,
495000000446,454500690,MAT-RAFx-006,VND-0011,1,1,0,2023-10-21,2023-10-26,-5,False,Bangalore,101,SL-INDIA-NGP,Passed,
495000000447,454500692,MAT-FAL8-001,VND-0002,10,10,0,2021-03-08,2021-03-08,0,False,Nagpur,101,SL01,Passed,
495000000448,454500693,MAT-RAFx-004,VND-0005,3,3,0,2020-07-17,2020-07-17,0,False,Bangalore,101,SL-INDIA-NGP,Passed,
495000000449,454500695,MAT-RAFx-003,VND-0012,10,10,0,2022-01-30,2022-01-30,0,False,Nagpur,101,SL-INDIA-NGP,Passed,
495000000450,454500696,MAT-FAL8-005,VND-0007,4,4,0,2022-07-23,2022-07-23,0,False,Bangalore,101,SL-INDIA-HYD,Passed,
495000000451,454500698,MAT-FAL8-002,VND-0014,9,9,0,2022-07-19,2022-07-24,-5,False,Bordeaux,101,SL03,Passed,
495000000452,454500702,MAT-FAL8-001,VND-0007,4,3,-1,2024-07-28,2024-07-28,0,False,Bordeaux,101,SL01,Passed,
495000000453,454500705,MAT-RAFx-007,VND-0006,3,1,-2,2022-08-07,2022-05-09,90,True,Hyderabad,101,SL03,Passed,LATE_90D
495000000454,454500707,MAT-MRO-004,VND-0009,15,15,0,2024-08-09,2024-08-14,-5,False,Bangalore,101,SL03,Passed,
495000000455,454500708,MAT-FAL8-005,VND-0005,1,0,-1,2023-08-06,2023-07-22,15,True,Bordeaux,101,SL-INDIA-NGP,Pending,
495000000456,454500710,MAT-FAL8-004,VND-0009,7,7,0,2023-09-26,2023-09-11,15,True,Bangalore,101,SL-INDIA-HYD,Passed,
495000000457,454500712,MAT-MRO-004,VND-0012,38,38,0,2022-04-13,2022-04-13,0,False,Hyderabad,101,SL-INDIA-HYD,Passed,
495000000458,454500714,MAT-RAFx-002,VND-0005,7,7,0,2023-11-23,2023-11-08,15,True,Merignac,101,SL01,Passed,
495000000459,454500716,MAT-MRO-005,VND-0001,6,6,0,2023-07-07,2023-07-02,5,True,Bordeaux,101,SL-INDIA-NGP,Passed,
495000000460,454500720,MAT-RAFx-007,VND-0015,8,4,-4,2021-07-25,2021-07-10,15,True,Merignac,101,SL-INDIA-HYD,Passed,
495000000461,454500721,MAT-RAFx-009,VND-0002,3,3,0,2024-04-14,2024-04-09,5,True,Nagpur,101,SL02,Passed,
495000000462,454500722,MAT-MRO-003,VND-0015,9,9,0,2022-01-22,2022-01-22,0,False,Merignac,101,SL-INDIA-NGP,Passed,
495000000463,454500723,MAT-MRO-002,VND-0011,22,22,0,2021-12-18,2021-12-03,15,True,Bangalore,101,SL02,Passed,
495000000464,454500727,MAT-RAFx-005,VND-0008,5,5,0,2021-01-12,2021-01-07,5,True,Nagpur,101,SL03,Passed,
495000000465,454500729,MAT-FAL8-001,VND-0003,1,0,-1,2022-11-08,2022-11-08,0,False,Hyderabad,101,SL02,Passed,
495000000466,454500730,MAT-MRO-004,VND-0011,10,8,-2,2023-10-15,2023-10-15,0,False,Hyderabad,101,SL-INDIA-NGP,Passed,
495000000467,454500731,MAT-RAFx-005,VND-0011,9,9,0,2019-10-18,2019-10-13,5,True,Nagpur,101,SL03,Passed,
495000000468,454500732,MAT-FAL8-001,VND-0001,10,7,-3,2023-02-07,2023-02-02,5,True,Nagpur,101,SL03,Passed,
495000000469,454500734,MAT-MRO-005,VND-0010,9,6,-3,2024-09-05,2024-09-05,0,False,Hyderabad,101,SL-INDIA-NGP,Failed,
495000000470,454500736,MAT-FAL8-005,VND-0012,7,7,0,2020-12-10,2020-12-05,5,True,Hyderabad,101,SL-INDIA-HYD,Passed,
495000000471,454500737,MAT-RAFx-005,VND-0014,10,6,-4,2020-03-21,2020-03-06,15,True,Bangalore,101,SL01,Passed,
495000000472,454500738,MAT-RAFx-003,VND-0015,10,5,-5,2019-08-08,2019-08-03,5,True,Hyderabad,101,SL-INDIA-NGP,Passed,
495000000473,454500740,MAT-MRO-001,VND-0001,20,20,0,2021-06-23,2021-06-23,0,False,Merignac,101,SL02,Passed,
495000000474,454500741,MAT-RAFx-005,VND-0005,5,5,0,2024-08-30,2024-08-25,5,True,Nagpur,101,SL03,Passed,
495000000475,454500742,MAT-RAFx-006,VND-0008,4,4,0,2023-10-04,2023-10-04,0,False,Bangalore,101,SL-INDIA-NGP,Passed,
495000000476,454500743,MAT-MRO-004,VND-0008,37,37,0,2021-06-03,2021-05-29,5,True,Merignac,101,SL02,Passed,
495000000477,454500744,MAT-MRO-002,VND-0012,37,37,0,2020-10-11,2020-10-06,5,True,Hyderabad,101,SL-INDIA-NGP,Pending,
495000000478,454500747,MAT-FAL8-001,VND-0014,6,5,-1,2023-05-01,2023-05-06,-5,False,Nagpur,101,SL-INDIA-HYD,Passed,
495000000479,454500748,MAT-MRO-003,VND-0010,23,23,0,2019-08-05,2019-05-07,90,True,Hyderabad,101,SL-INDIA-NGP,Failed,LATE_90D
495000000480,454500749,MAT-FAL8-001,VND-0015,3,2,-1,2020-08-26,2020-08-26,0,False,Bangalore,101,SL01,Passed,
495000000481,454500750,MAT-MRO-002,VND-0014,35,34,-1,2023-03-07,2023-03-07,0,False,Merignac,101,SL-INDIA-HYD,Passed,
495000000482,454500751,MAT-RAFx-001,VND-0008,6,6,0,2021-05-23,2021-04-23,30,True,Bangalore,101,SL-INDIA-NGP,Passed,
495000000483,454500752,MAT-FAL8-001,VND-0003,5,3,-2,2023-10-25,2023-10-25,0,False,Bordeaux,101,SL-INDIA-HYD,Passed,
495000000484,454500753,MAT-RAFx-010,VND-0003,4,4,0,2020-02-27,2020-02-12,15,True,Merignac,101,SL01,Passed,
495000000485,454500754,MAT-MRO-001,VND-0013,28,28,0,2019-10-09,2019-09-24,15,True,Merignac,101,SL03,Passed,
495000000486,454500755,MAT-RAFx-004,VND-0015,5,5,0,2020-10-19,2020-10-14,5,True,Bangalore,101,SL02,Failed,
495000000487,454500757,MAT-FAL8-002,VND-0006,3,2,-1,2024-05-01,2024-04-26,5,True,Merignac,101,SL-INDIA-NGP,Passed,
495000000488,454500759,MAT-RAFx-007,VND-0015,9,9,0,2022-05-04,2022-04-04,30,True,Merignac,101,SL-INDIA-NGP,Passed,
495000000489,454500761,MAT-RAFx-004,VND-0009,3,3,0,2021-07-10,2021-07-05,5,True,Merignac,101,SL03,Passed,
495000000490,454500762,MAT-RAFx-010,VND-0008,10,8,-2,2023-08-07,2023-07-23,15,True,Hyderabad,101,SL01,Passed,
495000000491,454500764,MAT-FAL8-005,VND-0009,2,2,0,2021-11-24,2021-11-09,15,True,Bordeaux,101,SL-INDIA-NGP,Passed,
495000000492,454500769,MAT-RAFx-010,VND-0010,10,10,0,2020-04-02,2020-03-28,5,True,Bordeaux,101,SL-INDIA-HYD,Passed,
495000000493,454500770,MAT-MRO-001,VND-0008,33,33,0,2021-10-11,2021-10-06,5,True,Merignac,101,SL-INDIA-HYD,Pending,
495000000494,454500771,MAT-RAFx-004,VND-0007,8,8,0,2021-10-28,2021-10-23,5,True,Nagpur,101,SL-INDIA-NGP,Pending,
495000000495,454500772,MAT-MRO-001,VND-0007,9,9,0,2021-12-11,2021-12-11,0,False,Hyderabad,101,SL02,Passed,
495000000496,454500773,MAT-MRO-003,VND-0010,31,31,0,2024-02-08,2024-02-03,5,True,Hyderabad,101,SL01,Pending,
495000000497,454500775,MAT-FAL8-002,VND-0013,10,8,-2,2024-12-10,2024-12-15,-5,False,Nagpur,101,SL-INDIA-NGP,Passed,
495000000498,454500776,MAT-FAL8-004,VND-0006,1,1,0,2020-11-18,2020-10-19,30,True,Merignac,101,SL02,Passed,
495000000499,454500777,MAT-RAFx-004,VND-0006,3,3,0,2021-01-01,2020-12-17,15,True,Bangalore,101,SL02,Passed,
495000000500,454500779,MAT-MRO-004,VND-0002,32,30,-2,2023-04-27,2023-02-26,60,True,Nagpur,101,SL03,Passed,LATE_60D
495000000501,454500780,MAT-MRO-005,VND-0005,6,6,0,2020-11-28,2020-11-28,0,False,Merignac,101,SL01,Passed,
495000000502,454500781,MAT-RAFx-007,VND-0005,5,5,0,2022-11-15,2022-11-10,5,True,Merignac,101,SL02,Passed,
495000000503,454500782,MAT-RAFx-004,VND-0010,6,6,0,2023-01-01,2023-01-01,0,False,Merignac,101,SL02,Passed,
495000000504,454500783,MAT-MRO-002,VND-0013,20,15,-5,2022-10-17,2022-07-19,90,True,Bangalore,101,SL01,Passed,LATE_90D
495000000505,454500784,MAT-FAL8-005,VND-0011,9,9,0,2020-02-24,2020-01-25,30,True,Bangalore,101,SL02,Passed,
495000000506,454500785,MAT-RAFx-007,VND-0011,8,8,0,2023-06-12,2023-05-28,15,True,Hyderabad,101,SL01,Passed,
495000000507,454500787,MAT-FAL8-004,VND-0006,2,1,-1,2024-05-22,2024-05-27,-5,False,Bordeaux,101,SL-INDIA-HYD,Pending,
495000000508,454500789,MAT-MRO-001,VND-0009,28,14,-14,2024-04-16,2024-03-17,30,True,Merignac,101,SL-INDIA-NGP,Pending,
495000000509,454500792,MAT-RAFx-005,VND-0004,2,2,0,2022-02-19,2022-01-20,30,True,Bangalore,101,SL-INDIA-HYD,Passed,
495000000510,454500793,MAT-MRO-001,VND-0015,6,4,-2,2020-03-31,2020-03-16,15,True,Hyderabad,101,SL-INDIA-HYD,Passed,
495000000511,454500794,MAT-FAL8-004,VND-0004,3,2,-1,2020-08-31,2020-08-31,0,False,Bangalore,101,SL01,Passed,
495000000512,454500795,MAT-MRO-001,VND-0009,24,24,0,2020-02-28,2020-02-28,0,False,Bordeaux,101,SL01,Passed,
495000000513,454500797,MAT-RAFx-002,VND-0012,4,4,0,2021-09-17,2021-09-02,15,True,Merignac,101,SL-INDIA-HYD,Passed,
495000000514,454500799,MAT-RAFx-008,VND-0005,4,4,0,2020-08-05,2020-08-05,0,False,Hyderabad,101,SL01,Passed,
495000000515,454500800,MAT-RAFx-009,VND-0014,2,2,0,2025-02-15,2025-01-16,30,True,Nagpur,101,SL-INDIA-HYD,Passed,
495000000516,454500801,MAT-RAFx-004,VND-0014,3,1,-2,2022-01-04,2022-01-04,0,False,Bangalore,101,SL-INDIA-NGP,Passed,
495000000517,454500804,MAT-FAL8-004,VND-0013,6,3,-3,2024-03-01,2024-03-01,0,False,Nagpur,101,SL-INDIA-NGP,Passed,
495000000518,454500808,MAT-RAFx-004,VND-0001,9,9,0,2024-11-16,2024-11-16,0,False,Bordeaux,101,SL01,Passed,
495000000519,454500811,MAT-FAL8-005,VND-0015,4,4,0,2023-11-13,2023-10-29,15,True,Nagpur,101,SL02,Passed,
495000000520,454500812,MAT-RAFx-007,VND-0012,7,5,-2,2024-01-17,2024-01-17,0,False,Merignac,101,SL03,Passed,
495000000521,454500814,MAT-RAFx-001,VND-0005,9,9,0,2021-05-16,2021-05-01,15,True,Bangalore,101,SL-INDIA-HYD,Passed,
495000000522,454500816,MAT-FAL8-004,VND-0003,5,5,0,2019-06-30,2019-07-05,-5,False,Nagpur,101,SL02,Passed,
495000000523,454500817,MAT-FAL8-004,VND-0005,5,5,0,2023-09-21,2023-09-21,0,False,Bordeaux,101,SL02,Failed,
495000000524,454500818,MAT-MRO-001,VND-0013,10,10,0,2025-02-28,2025-02-23,5,True,Bordeaux,101,SL03,Passed,
495000000525,454500820,MAT-FAL8-005,VND-0006,9,9,0,2022-01-16,2022-01-01,15,True,Merignac,101,SL-INDIA-HYD,Passed,
495000000526,454500821,MAT-RAFx-003,VND-0004,5,5,0,2020-10-01,2020-09-26,5,True,Bangalore,101,SL-INDIA-NGP,Passed,
495000000527,454500823,MAT-FAL8-001,VND-0001,5,4,-1,2023-01-25,2023-01-25,0,False,Merignac,101,SL02,Passed,
495000000528,454500824,MAT-RAFx-005,VND-0001,2,2,0,2023-09-21,2023-09-21,0,False,Bangalore,101,SL-INDIA-NGP,Passed,
495000000529,454500827,MAT-RAFx-003,VND-0001,4,3,-1,2024-01-07,2024-01-07,0,False,Bordeaux,101,SL-INDIA-HYD,Passed,
495000000530,454500829,MAT-FAL8-002,VND-0009,4,4,0,2024-08-08,2024-08-03,5,True,Hyderabad,101,SL03,Passed,
495000000531,454500830,MAT-FAL8-004,VND-0013,6,5,-1,2022-05-31,2022-05-26,5,True,Hyderabad,101,SL-INDIA-HYD,Passed,
495000000532,454500832,MAT-RAFx-010,VND-0003,3,3,0,2021-02-16,2021-02-11,5,True,Merignac,101,SL02,Pending,
495000000533,454500833,MAT-RAFx-003,VND-0015,1,0,-1,2022-07-21,2022-07-16,5,True,Bangalore,101,SL-INDIA-HYD,Passed,
495000000534,454500835,MAT-FAL8-003,VND-0001,2,1,-1,2023-06-13,2023-06-13,0,False,Hyderabad,101,SL-INDIA-NGP,Passed,
495000000535,454500836,MAT-RAFx-009,VND-0006,3,2,-1,2020-06-13,2020-05-14,30,True,Hyderabad,101,SL-INDIA-NGP,Failed,
495000000536,454500837,MAT-RAFx-001,VND-0001,7,7,0,2020-12-12,2020-12-17,-5,False,Bangalore,101,SL01,Passed,
495000000537,454500838,MAT-RAFx-010,VND-0010,10,10,0,2023-05-31,2023-05-31,0,False,Bordeaux,101,SL02,Passed,
495000000538,454500839,MAT-RAFx-007,VND-0002,1,0,-1,2020-03-09,2020-03-04,5,True,Bordeaux,101,SL01,Passed,
495000000539,454500840,MAT-MRO-003,VND-0004,6,6,0,2021-11-20,2021-11-20,0,False,Bordeaux,101,SL-INDIA-NGP,Passed,
495000000540,454500841,MAT-MRO-001,VND-0008,2,1,-1,2022-09-19,2022-09-14,5,True,Hyderabad,101,SL-INDIA-HYD,Failed,
495000000541,454500843,MAT-MRO-003,VND-0005,3,3,0,2022-07-26,2022-07-11,15,True,Hyderabad,101,SL03,Passed,
495000000542,454500845,MAT-RAFx-004,VND-0008,10,10,0,2021-08-27,2021-08-27,0,False,Bordeaux,101,SL01,Pending,
495000000543,454500847,MAT-RAFx-010,VND-0012,7,7,0,2024-09-06,2024-09-01,5,True,Bordeaux,101,SL03,Passed,
495000000544,454500849,MAT-MRO-001,VND-0005,16,13,-3,2019-05-21,2019-05-16,5,True,Bordeaux,101,SL01,Pending,
495000000545,454500850,MAT-MRO-002,VND-0001,5,3,-2,2020-08-02,2020-08-02,0,False,Hyderabad,101,SL02,Passed,
495000000546,454500851,MAT-FAL8-001,VND-0013,6,3,-3,2024-03-22,2024-03-07,15,True,Bangalore,101,SL02,Passed,
495000000547,454500854,MAT-RAFx-006,VND-0012,5,5,0,2024-02-08,2024-01-24,15,True,Bordeaux,101,SL02,Passed,
495000000548,454500856,MAT-MRO-001,VND-0006,19,14,-5,2019-12-12,2019-12-07,5,True,Nagpur,101,SL01,Passed,
495000000549,454500857,MAT-RAFx-005,VND-0013,9,9,0,2020-08-05,2020-07-21,15,True,Hyderabad,101,SL01,Failed,
495000000550,454500861,MAT-FAL8-002,VND-0001,5,5,0,2022-09-17,2022-09-17,0,False,Bordeaux,101,SL03,Passed,
495000000551,454500863,MAT-RAFx-010,VND-0002,1,1,0,2021-06-11,2021-06-11,0,False,Bordeaux,101,SL-INDIA-HYD,Passed,
495000000552,454500865,MAT-RAFx-008,VND-0014,5,5,0,2022-01-30,2022-01-25,5,True,Nagpur,101,SL01,Passed,
495000000553,454500866,MAT-FAL8-002,VND-0002,1,0,-1,2024-07-28,2024-07-13,15,True,Merignac,101,SL01,Passed,
495000000554,454500867,MAT-FAL8-001,VND-0004,10,10,0,2024-12-22,2024-12-22,0,False,Bordeaux,101,SL01,Passed,
495000000555,454500868,MAT-RAFx-010,VND-0005,10,10,0,2023-08-13,2023-08-13,0,False,Nagpur,101,SL-INDIA-HYD,Passed,
495000000556,454500869,MAT-MRO-004,VND-0004,50,50,0,2019-11-07,2019-11-02,5,True,Merignac,101,SL-INDIA-HYD,Passed,
495000000557,454500870,MAT-RAFx-002,VND-0007,3,2,-1,2021-09-09,2021-09-09,0,False,Bangalore,101,SL-INDIA-NGP,Passed,
495000000558,454500871,MAT-MRO-002,VND-0013,26,26,0,2023-01-21,2023-01-21,0,False,Hyderabad,101,SL-INDIA-HYD,Passed,
495000000559,454500873,MAT-RAFx-007,VND-0008,8,5,-3,2020-12-28,2020-09-29,90,True,Bangalore,101,SL-INDIA-NGP,Passed,LATE_90D
495000000560,454500875,MAT-RAFx-010,VND-0008,1,0,-1,2020-09-19,2020-09-14,5,True,Nagpur,101,SL-INDIA-HYD,Passed,
495000000561,454500878,MAT-FAL8-005,VND-0003,6,4,-2,2023-06-17,2023-06-17,0,False,Hyderabad,101,SL03,Failed,
495000000562,454500879,MAT-MRO-003,VND-0001,43,43,0,2023-08-07,2023-08-07,0,False,Merignac,101,SL03,Passed,
495000000563,454500882,MAT-RAFx-009,VND-0013,4,3,-1,2023-11-12,2023-11-07,5,True,Bangalore,101,SL01,Pending,
495000000564,454500883,MAT-FAL8-003,VND-0010,1,0,-1,2024-07-06,2024-05-07,60,True,Merignac,101,SL03,Failed,LATE_60D
495000000565,454500886,MAT-FAL8-003,VND-0002,6,4,-2,2024-07-21,2024-07-16,5,True,Merignac,101,SL02,Passed,
495000000566,454500887,MAT-RAFx-007,VND-0004,10,10,0,2022-07-23,2022-07-23,0,False,Merignac,101,SL03,Passed,
495000000567,454500889,MAT-MRO-003,VND-0010,44,44,0,2024-03-21,2024-02-20,30,True,Bangalore,101,SL03,Passed,
495000000568,454500890,MAT-FAL8-005,VND-0002,9,9,0,2020-06-01,2020-05-27,5,True,Bordeaux,101,SL02,Passed,
495000000569,454500895,MAT-RAFx-009,VND-0004,6,3,-3,2022-07-01,2022-07-01,0,False,Bordeaux,101,SL03,Passed,
495000000570,454500896,MAT-MRO-005,VND-0008,1,0,-1,2023-02-04,2023-02-04,0,False,Hyderabad,101,SL01,Passed,
495000000571,454500899,MAT-FAL8-005,VND-0006,4,4,0,2020-07-07,2020-05-08,60,True,Nagpur,101,SL02,Passed,LATE_60D
495000000572,454500900,MAT-RAFx-003,VND-0014,10,5,-5,2023-12-04,2023-12-04,0,False,Nagpur,101,SL-INDIA-NGP,Passed,
495000000573,454500901,MAT-RAFx-009,VND-0008,10,8,-2,2021-02-26,2021-01-27,30,True,Bangalore,101,SL02,Passed,
495000000574,454500902,MAT-MRO-001,VND-0003,36,36,0,2024-01-12,2024-01-07,5,True,Bordeaux,101,SL-INDIA-NGP,Passed,
495000000575,454500905,MAT-FAL8-004,VND-0014,7,7,0,2023-08-30,2023-08-15,15,True,Merignac,101,SL03,Passed,
495000000576,454500906,MAT-RAFx-002,VND-0005,7,6,-1,2020-11-10,2020-11-10,0,False,Bangalore,101,SL03,Passed,
495000000577,454500909,MAT-MRO-001,VND-0004,22,22,0,2024-02-26,2024-02-26,0,False,Merignac,101,SL03,Passed,
495000000578,454500912,MAT-RAFx-004,VND-0011,1,0,-1,2021-04-08,2021-04-08,0,False,Hyderabad,101,SL-INDIA-HYD,Passed,
495000000579,454500913,MAT-MRO-005,VND-0013,10,10,0,2021-11-19,2021-11-19,0,False,Bangalore,101,SL-INDIA-NGP,Passed,
495000000580,454500915,MAT-MRO-004,VND-0013,13,13,0,2020-09-06,2020-09-06,0,False,Hyderabad,101,SL02,Pending,
495000000581,454500917,MAT-RAFx-010,VND-0010,9,4,-5,2020-08-09,2020-07-25,15,True,Nagpur,101,SL02,Passed,
495000000582,454500918,MAT-MRO-002,VND-0010,43,43,0,2019-10-11,2019-09-26,15,True,Merignac,101,SL03,Passed,
495000000583,454500919,MAT-FAL8-002,VND-0004,4,2,-2,2020-04-17,2020-04-22,-5,False,Hyderabad,101,SL-INDIA-NGP,Passed,
495000000584,454500920,MAT-FAL8-001,VND-0014,10,5,-5,2021-11-03,2021-10-29,5,True,Merignac,101,SL02,Passed,
495000000585,454500921,MAT-RAFx-002,VND-0008,4,4,0,2022-12-23,2022-12-23,0,False,Bordeaux,101,SL03,Passed,
495000000586,454500922,MAT-MRO-001,VND-0012,50,33,-17,2021-06-19,2021-06-19,0,False,Merignac,101,SL-INDIA-NGP,Pending,
495000000587,454500923,MAT-RAFx-001,VND-0002,6,5,-1,2019-12-09,2019-12-04,5,True,Bangalore,101,SL01,Passed,
495000000588,454500926,MAT-FAL8-001,VND-0015,4,4,0,2020-12-11,2020-12-11,0,False,Bangalore,101,SL-INDIA-NGP,Passed,
495000000589,454500927,MAT-FAL8-004,VND-0015,2,2,0,2024-06-16,2024-03-18,90,True,Hyderabad,101,SL-INDIA-HYD,Passed,LATE_90D
495000000590,454500928,MAT-FAL8-001,VND-0010,7,7,0,2020-07-07,2020-07-07,0,False,Bangalore,101,SL03,Passed,
495000000591,454500931,MAT-MRO-001,VND-0009,30,30,0,2023-08-08,2023-08-08,0,False,Hyderabad,101,SL03,Passed,
495000000592,454500932,MAT-RAFx-009,VND-0010,7,7,0,2024-05-01,2024-05-01,0,False,Bordeaux,101,SL01,Passed,
495000000593,454500933,MAT-RAFx-008,VND-0007,4,4,0,2024-08-20,2024-08-05,15,True,Nagpur,101,SL-INDIA-NGP,Passed,
495000000594,454500934,MAT-MRO-003,VND-0002,9,9,0,2021-06-10,2021-05-11,30,True,Merignac,101,SL-INDIA-HYD,Passed,
495000000595,454500935,MAT-MRO-002,VND-0010,22,11,-11,2022-04-23,2022-04-23,0,False,Nagpur,101,SL02,Passed,
495000000596,454500938,MAT-RAFx-007,VND-0006,4,4,0,2020-12-02,2020-11-27,5,True,Nagpur,101,SL03,Passed,
495000000597,454500939,MAT-MRO-005,VND-0003,9,7,-2,2019-08-19,2019-07-20,30,True,Hyderabad,101,SL02,Passed,
495000000598,454500941,MAT-RAFx-008,VND-0012,4,4,0,2022-10-18,2022-10-18,0,False,Hyderabad,101,SL03,Pending,
495000000599,454500942,MAT-RAFx-003,VND-0006,4,3,-1,2024-12-12,2024-12-12,0,False,Bangalore,101,SL02,Passed,
495000000600,454500943,MAT-FAL8-002,VND-0003,10,10,0,2020-10-26,2020-10-21,5,True,Nagpur,101,SL-INDIA-NGP,Passed,
495000000601,454500944,MAT-RAFx-008,VND-0007,7,6,-1,2022-02-05,2022-02-05,0,False,Bangalore,101,SL03,Passed,
495000000602,454500947,MAT-RAFx-003,VND-0003,2,2,0,2020-02-29,2020-02-14,15,True,Merignac,101,SL01,Passed,
495000000603,454500948,MAT-RAFx-007,VND-0002,7,7,0,2020-10-23,2020-10-18,5,True,Merignac,101,SL-INDIA-NGP,Passed,
495000000604,454500949,MAT-MRO-002,VND-0001,11,5,-6,2024-10-09,2024-10-04,5,True,Bordeaux,101,SL-INDIA-HYD,Passed,
495000000605,454500951,MAT-RAFx-006,VND-0010,10,10,0,2022-11-27,2022-08-29,90,True,Nagpur,101,SL03,Passed,LATE_90D
495000000606,454500952,MAT-RAFx-001,VND-0003,8,8,0,2022-03-02,2022-03-02,0,False,Bangalore,101,SL01,Pending,
495000000607,454500953,MAT-FAL8-005,VND-0008,10,10,0,2020-01-29,2019-12-30,30,True,Nagpur,101,SL03,Passed,
495000000608,454500954,MAT-FAL8-003,VND-0010,3,3,0,2020-12-19,2020-12-14,5,True,Bordeaux,101,SL-INDIA-HYD,Passed,
495000000609,454500955,MAT-RAFx-004,VND-0007,1,0,-1,2024-03-07,2024-03-07,0,False,Nagpur,101,SL01,Pending,
495000000610,454500959,MAT-FAL8-005,VND-0008,8,8,0,2022-07-16,2022-07-01,15,True,Hyderabad,101,SL-INDIA-HYD,Passed,
495000000611,454500961,MAT-RAFx-001,VND-0011,5,4,-1,2021-05-09,2021-05-04,5,True,Bordeaux,101,SL-INDIA-HYD,Failed,
495000000612,454500962,MAT-RAFx-002,VND-0014,9,8,-1,2023-04-04,2023-03-30,5,True,Merignac,101,SL01,Passed,
495000000613,454500963,MAT-RAFx-001,VND-0001,7,4,-3,2024-08-21,2024-08-21,0,False,Merignac,101,SL-INDIA-NGP,Failed,
495000000614,454500964,MAT-FAL8-004,VND-0001,1,0,-1,2020-06-29,2020-03-31,90,True,Bordeaux,101,SL03,Passed,LATE_90D
495000000615,454500965,MAT-RAFx-002,VND-0007,9,9,0,2021-05-19,2021-05-14,5,True,Bordeaux,101,SL03,Passed,
495000000616,454500966,MAT-FAL8-003,VND-0007,2,1,-1,2020-03-19,2020-03-04,15,True,Merignac,101,SL-INDIA-NGP,Failed,
495000000617,454500967,MAT-RAFx-007,VND-0008,4,4,0,2024-01-16,2024-01-16,0,False,Merignac,101,SL03,Passed,
495000000618,454500968,MAT-FAL8-004,VND-0005,10,10,0,2020-06-26,2020-05-27,30,True,Bangalore,101,SL01,Passed,
495000000619,454500969,MAT-RAFx-009,VND-0002,10,10,0,2023-03-01,2023-03-01,0,False,Bordeaux,101,SL02,Passed,
495000000620,454500971,MAT-MRO-002,VND-0011,48,40,-8,2022-05-24,2022-05-24,0,False,Merignac,101,SL03,Passed,
495000000621,454500974,MAT-RAFx-009,VND-0006,1,1,0,2022-05-10,2022-04-25,15,True,Bordeaux,101,SL02,Passed,
495000000622,454500975,MAT-FAL8-001,VND-0004,4,4,0,2024-07-11,2024-07-06,5,True,Bordeaux,101,SL03,Failed,
495000000623,454500977,MAT-RAFx-005,VND-0004,3,3,0,2023-03-20,2023-03-05,15,True,Bordeaux,101,SL-INDIA-HYD,Passed,
495000000624,454500978,MAT-RAFx-003,VND-0007,8,4,-4,2023-06-12,2023-05-28,15,True,Bordeaux,101,SL02,Passed,
495000000625,454500980,MAT-FAL8-003,VND-0003,8,8,0,2022-10-13,2022-10-08,5,True,Hyderabad,101,SL01,Passed,
495000000626,454500981,MAT-FAL8-003,VND-0007,2,2,0,2024-09-06,2024-09-01,5,True,Bordeaux,101,SL01,Passed,
495000000627,454500982,MAT-FAL8-003,VND-0008,5,5,0,2021-12-21,2021-12-21,0,False,Bordeaux,101,SL02,Passed,
495000000628,454500983,MAT-RAFx-007,VND-0003,4,4,0,2024-08-12,2024-08-12,0,False,Hyderabad,101,SL02,Passed,
495000000629,454500986,MAT-MRO-001,VND-0011,45,43,-2,2020-04-26,2020-04-26,0,False,Bordeaux,101,SL02,Passed,
495000000630,454500987,MAT-MRO-001,VND-0001,24,24,0,2022-11-25,2022-11-30,-5,False,Nagpur,101,SL-INDIA-NGP,Passed,
495000000631,454500989,MAT-RAFx-003,VND-0011,7,7,0,2022-08-24,2022-06-25,60,True,Hyderabad,101,SL01,Passed,LATE_60D
495000000632,454500990,MAT-FAL8-004,VND-0005,5,5,0,2022-08-24,2022-08-09,15,True,Merignac,101,SL02,Passed,
495000000633,454500992,MAT-RAFx-006,VND-0014,8,8,0,2020-01-22,2020-01-22,0,False,Hyderabad,101,SL-INDIA-NGP,Passed,
495000000634,454500994,MAT-RAFx-007,VND-0003,4,3,-1,2020-06-01,2020-05-17,15,True,Hyderabad,101,SL01,Passed,
495000000635,454500997,MAT-RAFx-002,VND-0002,4,4,0,2019-08-25,2019-08-25,0,False,Nagpur,101,SL-INDIA-HYD,Passed,
495000000636,454500998,MAT-MRO-001,VND-0013,22,22,0,2021-06-27,2021-06-27,0,False,Nagpur,101,SL02,Passed,
495000000637,454501000,MAT-FAL8-003,VND-0012,3,2,-1,2020-07-11,2020-07-06,5,True,Bordeaux,101,SL03,Passed,
495000000638,454501002,MAT-FAL8-002,VND-0014,1,1,0,2023-08-30,2023-08-30,0,False,Hyderabad,101,SL01,Passed,
495000000639,454501006,MAT-MRO-001,VND-0011,35,35,0,2020-07-04,2020-07-04,0,False,Merignac,101,SL03,Passed,
495000000640,454501008,MAT-MRO-001,VND-0015,43,43,0,2020-10-03,2020-08-04,60,True,Nagpur,101,SL01,Passed,LATE_60D
495000000641,454501011,MAT-RAFx-004,VND-0010,6,6,0,2021-06-14,2021-05-15,30,True,Bangalore,101,SL-INDIA-NGP,Pending,
495000000642,454501012,MAT-FAL8-003,VND-0007,6,6,0,2023-09-24,2023-09-24,0,False,Bordeaux,101,SL03,Pending,
495000000643,454501013,MAT-FAL8-003,VND-0001,9,9,0,2021-02-20,2021-01-21,30,True,Bordeaux,101,SL-INDIA-NGP,Pending,
495000000644,454501014,MAT-FAL8-005,VND-0003,10,10,0,2023-05-11,2023-04-26,15,True,Merignac,101,SL02,Pending,
495000000645,454501015,MAT-MRO-004,VND-0008,41,41,0,2022-04-07,2022-04-07,0,False,Nagpur,101,SL-INDIA-NGP,Failed,
495000000646,454501018,MAT-MRO-002,VND-0012,19,19,0,2024-07-07,2024-07-12,-5,False,Merignac,101,SL03,Passed,
495000000647,454501019,MAT-FAL8-001,VND-0013,10,10,0,2019-11-22,2019-10-23,30,True,Bordeaux,101,SL01,Passed,
495000000648,454501020,MAT-MRO-001,VND-0005,10,10,0,2023-11-13,2023-11-13,0,False,Bangalore,101,SL-INDIA-HYD,Passed,
495000000649,454501022,MAT-RAFx-004,VND-0009,6,6,0,2020-10-22,2020-10-17,5,True,Merignac,101,SL02,Passed,
495000000650,454501023,MAT-FAL8-003,VND-0008,5,5,0,2024-09-18,2024-09-03,15,True,Merignac,101,SL01,Passed,
495000000651,454501025,MAT-RAFx-001,VND-0010,10,10,0,2022-02-26,2022-02-26,0,False,Bangalore,101,SL03,Passed,
495000000652,454501026,MAT-FAL8-003,VND-0008,7,4,-3,2019-12-03,2019-12-03,0,False,Bangalore,101,SL02,Passed,
495000000653,454501027,MAT-FAL8-003,VND-0014,1,1,0,2024-06-06,2024-06-01,5,True,Merignac,101,SL02,Passed,
495000000654,454501028,MAT-MRO-004,VND-0009,46,46,0,2022-12-28,2022-11-28,30,True,Merignac,101,SL02,Passed,
495000000655,454501032,MAT-RAFx-005,VND-0010,8,8,0,2022-09-02,2022-07-04,60,True,Merignac,101,SL02,Passed,LATE_60D
495000000656,454501034,MAT-FAL8-002,VND-0005,3,3,0,2021-07-21,2021-07-21,0,False,Bordeaux,101,SL-INDIA-NGP,Passed,
495000000657,454501035,MAT-FAL8-005,VND-0002,5,5,0,2024-09-19,2024-07-21,60,True,Nagpur,101,SL03,Passed,LATE_60D
495000000658,454501036,MAT-FAL8-002,VND-0010,9,4,-5,2021-08-20,2021-08-25,-5,False,Hyderabad,101,SL01,Failed,
495000000659,454501037,MAT-MRO-005,VND-0004,2,2,0,2022-03-15,2022-03-20,-5,False,Nagpur,101,SL02,Failed,
495000000660,454501038,MAT-FAL8-002,VND-0015,6,4,-2,2020-03-15,2020-03-20,-5,False,Bordeaux,101,SL-INDIA-HYD,Passed,
495000000661,454501039,MAT-RAFx-004,VND-0013,2,2,0,2023-08-05,2023-08-05,0,False,Merignac,101,SL01,Passed,
495000000662,454501040,MAT-FAL8-002,VND-0012,10,10,0,2022-08-20,2022-07-21,30,True,Bordeaux,101,SL01,Passed,
495000000663,454501041,MAT-FAL8-003,VND-0003,6,6,0,2023-08-18,2023-08-18,0,False,Hyderabad,101,SL-INDIA-NGP,Passed,
495000000664,454501042,MAT-MRO-004,VND-0003,17,17,0,2022-03-06,2022-03-06,0,False,Bangalore,101,SL-INDIA-HYD,Passed,
495000000665,454501043,MAT-RAFx-002,VND-0015,6,5,-1,2021-05-31,2021-05-01,30,True,Hyderabad,101,SL01,Passed,
495000000666,454501045,MAT-RAFx-003,VND-0005,7,7,0,2023-12-18,2023-12-13,5,True,Bordeaux,101,SL03,Passed,
495000000667,454501047,MAT-MRO-002,VND-0015,47,47,0,2022-08-20,2022-08-05,15,True,Bangalore,101,SL03,Pending,
495000000668,454501048,MAT-FAL8-003,VND-0001,10,10,0,2023-10-17,2023-10-02,15,True,Nagpur,101,SL01,Passed,
495000000669,454501049,MAT-MRO-002,VND-0011,39,39,0,2021-11-15,2021-10-31,15,True,Bangalore,101,SL-INDIA-HYD,Passed,
495000000670,454501052,MAT-MRO-001,VND-0005,17,17,0,2024-02-08,2024-02-08,0,False,Nagpur,101,SL02,Passed,
495000000671,454501054,MAT-RAFx-004,VND-0001,6,4,-2,2020-09-08,2020-09-08,0,False,Hyderabad,101,SL01,Passed,
495000000672,454501056,MAT-MRO-001,VND-0007,24,24,0,2021-09-27,2021-09-27,0,False,Hyderabad,101,SL-INDIA-HYD,Passed,
495000000673,454501059,MAT-RAFx-009,VND-0002,7,4,-3,2022-01-14,2022-01-14,0,False,Hyderabad,101,SL03,Passed,
495000000674,454501061,MAT-RAFx-002,VND-0011,6,5,-1,2022-09-08,2022-06-10,90,True,Hyderabad,101,SL-INDIA-HYD,Passed,LATE_90D
495000000675,454501062,MAT-FAL8-004,VND-0004,10,6,-4,2022-06-16,2022-03-18,90,True,Nagpur,101,SL02,Passed,LATE_90D
495000000676,454501063,MAT-FAL8-004,VND-0004,8,8,0,2023-10-07,2023-10-07,0,False,Bordeaux,101,SL02,Passed,
495000000677,454501064,MAT-MRO-004,VND-0011,41,21,-20,2020-02-08,2019-12-10,60,True,Bordeaux,101,SL-INDIA-NGP,Passed,LATE_60D
495000000678,454501065,MAT-FAL8-004,VND-0001,10,9,-1,2024-01-16,2024-01-01,15,True,Bordeaux,101,SL01,Passed,
495000000679,454501069,MAT-RAFx-010,VND-0002,2,2,0,2023-09-02,2023-09-07,-5,False,Nagpur,101,SL02,Passed,
495000000680,454501070,MAT-MRO-004,VND-0009,39,30,-9,2023-02-11,2023-02-11,0,False,Merignac,101,SL-INDIA-NGP,Failed,
495000000681,454501071,MAT-MRO-005,VND-0002,1,1,0,2025-02-11,2025-02-11,0,False,Hyderabad,101,SL-INDIA-HYD,Passed,
495000000682,454501074,MAT-FAL8-004,VND-0002,8,8,0,2025-04-03,2025-01-03,90,True,Nagpur,101,SL-INDIA-NGP,Passed,LATE_90D
495000000683,454501075,MAT-RAFx-010,VND-0001,10,10,0,2023-04-02,2023-03-28,5,True,Bangalore,101,SL01,Passed,
495000000684,454501076,MAT-RAFx-003,VND-0003,8,8,0,2022-01-23,2022-01-08,15,True,Nagpur,101,SL-INDIA-HYD,Failed,
495000000685,454501078,MAT-MRO-002,VND-0005,20,20,0,2021-02-12,2021-02-12,0,False,Merignac,101,SL02,Passed,
495000000686,454501080,MAT-RAFx-007,VND-0009,2,2,0,2021-12-30,2021-11-30,30,True,Merignac,101,SL-INDIA-NGP,Passed,
495000000687,454501081,MAT-RAFx-009,VND-0012,3,1,-2,2022-12-08,2022-12-03,5,True,Nagpur,101,SL03,Passed,
495000000688,454501083,MAT-MRO-005,VND-0009,4,3,-1,2020-10-09,2020-10-09,0,False,Hyderabad,101,SL-INDIA-NGP,Passed,
495000000689,454501085,MAT-RAFx-007,VND-0010,8,4,-4,2021-03-01,2020-12-31,60,True,Bordeaux,101,SL02,Pending,LATE_60D
495000000690,454501086,MAT-MRO-005,VND-0004,2,2,0,2021-11-24,2021-10-25,30,True,Hyderabad,101,SL01,Passed,
495000000691,454501090,MAT-RAFx-010,VND-0006,8,8,0,2020-02-27,2020-02-27,0,False,Merignac,101,SL03,Passed,
495000000692,454501093,MAT-RAFx-006,VND-0002,4,3,-1,2024-11-01,2024-11-01,0,False,Merignac,101,SL01,Pending,
495000000693,454501094,MAT-RAFx-003,VND-0015,1,1,0,2020-12-04,2020-09-05,90,True,Hyderabad,101,SL02,Passed,LATE_90D
495000000694,454501098,MAT-FAL8-002,VND-0006,8,8,0,2023-09-18,2023-07-20,60,True,Bordeaux,101,SL-INDIA-HYD,Passed,LATE_60D
495000000695,454501099,MAT-FAL8-003,VND-0007,9,9,0,2022-11-06,2022-10-07,30,True,Hyderabad,101,SL02,Passed,
495000000696,454501100,MAT-MRO-004,VND-0012,27,27,0,2023-09-29,2023-09-29,0,False,Merignac,101,SL03,Passed,
495000000697,454501102,MAT-FAL8-005,VND-0003,9,7,-2,2024-10-30,2024-10-15,15,True,Merignac,101,SL-INDIA-HYD,Passed,
495000000698,454501103,MAT-RAFx-004,VND-0012,3,2,-1,2019-11-27,2019-10-28,30,True,Bangalore,101,SL02,Passed,
495000000699,454501104,MAT-MRO-001,VND-0014,39,22,-17,2019-09-14,2019-06-16,90,True,Merignac,101,SL02,Passed,LATE_90D
495000000700,454501105,MAT-MRO-004,VND-0014,27,27,0,2020-10-05,2020-10-05,0,False,Nagpur,101,SL-INDIA-HYD,Passed,
495000000701,454501106,MAT-FAL8-004,VND-0012,6,5,-1,2022-11-17,2022-09-18,60,True,Merignac,101,SL-INDIA-HYD,Pending,LATE_60D
495000000702,454501107,MAT-RAFx-006,VND-0009,3,3,0,2024-05-10,2024-05-05,5,True,Bangalore,101,SL02,Passed,
495000000703,454501108,MAT-MRO-004,VND-0009,20,19,-1,2021-11-03,2021-09-04,60,True,Hyderabad,101,SL03,Passed,LATE_60D
495000000704,454501109,MAT-RAFx-007,VND-0007,10,10,0,2021-07-21,2021-07-16,5,True,Bangalore,101,SL-INDIA-NGP,Failed,
495000000705,454501114,MAT-FAL8-002,VND-0013,5,2,-3,2022-03-04,2022-02-27,5,True,Nagpur,101,SL03,Passed,
495000000706,454501115,MAT-RAFx-004,VND-0006,7,7,0,2022-01-17,2022-01-17,0,False,Merignac,101,SL-INDIA-HYD,Passed,
495000000707,454501117,MAT-RAFx-008,VND-0015,4,4,0,2022-12-12,2022-12-12,0,False,Bangalore,101,SL-INDIA-HYD,Passed,
495000000708,454501118,MAT-MRO-005,VND-0011,9,9,0,2021-08-16,2021-08-16,0,False,Nagpur,101,SL-INDIA-NGP,Passed,
495000000709,454501120,MAT-RAFx-001,VND-0003,5,5,0,2023-09-09,2023-09-04,5,True,Bordeaux,101,SL02,Passed,
495000000710,454501124,MAT-MRO-005,VND-0006,6,6,0,2022-03-11,2022-02-09,30,True,Merignac,101,SL02,Passed,
495000000711,454501126,MAT-MRO-004,VND-0007,5,5,0,2024-08-18,2024-08-18,0,False,Hyderabad,101,SL-INDIA-NGP,Passed,
495000000712,454501127,MAT-FAL8-005,VND-0002,2,2,0,2020-03-30,2020-03-30,0,False,Nagpur,101,SL03,Passed,
495000000713,454501131,MAT-RAFx-006,VND-0002,3,1,-2,2021-08-18,2021-06-19,60,True,Hyderabad,101,SL-INDIA-NGP,Passed,LATE_60D
495000000714,454501134,MAT-RAFx-001,VND-0009,10,10,0,2023-12-27,2023-12-12,15,True,Nagpur,101,SL02,Passed,
495000000715,454501136,MAT-MRO-002,VND-0012,1,1,0,2024-07-18,2024-07-18,0,False,Bangalore,101,SL03,Passed,
495000000716,454501137,MAT-RAFx-002,VND-0004,4,4,0,2022-05-13,2022-05-18,-5,False,Bordeaux,101,SL01,Passed,
495000000717,454501139,MAT-FAL8-005,VND-0007,7,6,-1,2024-07-01,2024-06-26,5,True,Nagpur,101,SL-INDIA-HYD,Passed,
495000000718,454501143,MAT-MRO-004,VND-0013,3,1,-2,2024-06-27,2024-06-12,15,True,Bangalore,101,SL01,Passed,
495000000719,454501144,MAT-RAFx-004,VND-0004,8,4,-4,2021-09-17,2021-09-12,5,True,Hyderabad,101,SL03,Failed,
495000000720,454501145,MAT-FAL8-002,VND-0013,4,2,-2,2021-02-12,2020-12-14,60,True,Hyderabad,101,SL03,Passed,LATE_60D
495000000721,454501146,MAT-RAFx-001,VND-0015,7,7,0,2019-06-16,2019-06-11,5,True,Bangalore,101,SL-INDIA-HYD,Passed,
495000000722,454501147,MAT-FAL8-001,VND-0006,3,3,0,2021-11-14,2021-10-30,15,True,Bangalore,101,SL-INDIA-NGP,Passed,
495000000723,454501148,MAT-RAFx-002,VND-0013,10,5,-5,2025-03-28,2025-03-28,0,False,Hyderabad,101,SL-INDIA-HYD,Pending,
495000000724,454501149,MAT-MRO-002,VND-0003,28,28,0,2023-04-28,2023-03-29,30,True,Hyderabad,101,SL02,Failed,
495000000725,454501150,MAT-MRO-003,VND-0003,21,19,-2,2019-09-07,2019-08-23,15,True,Bangalore,101,SL-INDIA-NGP,Passed,
495000000726,454501151,MAT-RAFx-001,VND-0010,9,8,-1,2020-05-03,2020-04-28,5,True,Bordeaux,101,SL03,Passed,
495000000727,454501153,MAT-RAFx-002,VND-0005,2,2,0,2022-09-02,2022-08-18,15,True,Merignac,101,SL03,Passed,
495000000728,454501154,MAT-FAL8-005,VND-0015,10,8,-2,2020-04-09,2020-04-09,0,False,Merignac,101,SL03,Pending,
495000000729,454501155,MAT-FAL8-002,VND-0015,4,2,-2,2021-11-12,2021-11-12,0,False,Merignac,101,SL-INDIA-NGP,Passed,
495000000730,454501157,MAT-RAFx-002,VND-0002,6,6,0,2022-09-02,2022-08-28,5,True,Nagpur,101,SL-INDIA-HYD,Passed,
495000000731,454501158,MAT-RAFx-007,VND-0010,1,1,0,2022-09-14,2022-09-14,0,False,Nagpur,101,SL-INDIA-NGP,Passed,
495000000732,454501159,MAT-RAFx-007,VND-0001,6,4,-2,2019-10-22,2019-09-22,30,True,Merignac,101,SL-INDIA-HYD,Failed,
495000000733,454501160,MAT-MRO-003,VND-0011,19,9,-10,2024-05-08,2024-04-23,15,True,Bordeaux,101,SL01,Passed,
495000000734,454501161,MAT-RAFx-006,VND-0004,5,5,0,2020-07-07,2020-06-22,15,True,Bordeaux,101,SL01,Passed,
495000000735,454501162,MAT-MRO-001,VND-0007,29,29,0,2023-08-27,2023-08-27,0,False,Bangalore,101,SL02,Passed,
495000000736,454501163,MAT-FAL8-004,VND-0004,10,10,0,2025-01-15,2024-12-31,15,True,Merignac,101,SL-INDIA-HYD,Passed,
495000000737,454501165,MAT-RAFx-004,VND-0003,6,5,-1,2020-08-16,2020-08-16,0,False,Nagpur,101,SL03,Passed,
495000000738,454501166,MAT-RAFx-005,VND-0013,6,6,0,2020-11-18,2020-11-18,0,False,Bangalore,101,SL-INDIA-NGP,Passed,
495000000739,454501167,MAT-RAFx-008,VND-0009,2,2,0,2022-10-07,2022-10-02,5,True,Nagpur,101,SL-INDIA-NGP,Passed,
495000000740,454501168,MAT-RAFx-003,VND-0010,7,7,0,2021-12-24,2021-12-19,5,True,Merignac,101,SL-INDIA-NGP,Passed,
495000000741,454501171,MAT-FAL8-003,VND-0001,9,9,0,2019-10-05,2019-10-10,-5,False,Merignac,101,SL-INDIA-HYD,Passed,
495000000742,454501172,MAT-RAFx-010,VND-0005,6,6,0,2021-06-13,2021-06-08,5,True,Bangalore,101,SL03,Passed,
495000000743,454501173,MAT-FAL8-003,VND-0005,8,8,0,2023-01-04,2022-11-05,60,True,Merignac,101,SL01,Passed,LATE_60D
495000000744,454501174,MAT-RAFx-008,VND-0001,1,0,-1,2021-08-02,2021-07-03,30,True,Nagpur,101,SL03,Passed,
495000000745,454501176,MAT-FAL8-001,VND-0012,10,10,0,2021-10-02,2021-08-03,60,True,Bangalore,101,SL03,Passed,LATE_60D
495000000746,454501179,MAT-RAFx-003,VND-0005,5,5,0,2021-10-29,2021-11-03,-5,False,Bordeaux,101,SL-INDIA-NGP,Passed,
495000000747,454501180,MAT-RAFx-003,VND-0008,1,1,0,2023-02-27,2023-02-22,5,True,Hyderabad,101,SL02,Passed,
495000000748,454501181,MAT-FAL8-001,VND-0004,10,10,0,2022-06-11,2022-05-27,15,True,Hyderabad,101,SL-INDIA-HYD,Passed,
495000000749,454501186,MAT-MRO-002,VND-0007,33,28,-5,2021-12-23,2021-12-08,15,True,Hyderabad,101,SL02,Passed,
495000000750,454501187,MAT-RAFx-010,VND-0004,7,7,0,2021-06-15,2021-05-16,30,True,Merignac,101,SL03,Passed,
495000000751,454501188,MAT-RAFx-008,VND-0002,4,4,0,2024-03-01,2024-02-25,5,True,Bangalore,101,SL02,Passed,
495000000752,454501189,MAT-RAFx-009,VND-0004,10,9,-1,2021-11-24,2021-11-24,0,False,Nagpur,101,SL01,Passed,
495000000753,454501190,MAT-RAFx-007,VND-0003,4,2,-2,2021-07-13,2021-07-13,0,False,Bangalore,101,SL02,Passed,
495000000754,454501193,MAT-MRO-005,VND-0006,8,8,0,2022-03-02,2022-03-02,0,False,Nagpur,101,SL-INDIA-NGP,Passed,
495000000755,454501195,MAT-MRO-001,VND-0012,23,21,-2,2021-04-16,2021-03-17,30,True,Nagpur,101,SL02,Pending,
495000000756,454501196,MAT-FAL8-001,VND-0015,9,9,0,2024-09-21,2024-09-21,0,False,Bangalore,101,SL01,Passed,
495000000757,454501197,MAT-RAFx-005,VND-0007,4,4,0,2020-05-17,2020-05-17,0,False,Hyderabad,101,SL-INDIA-HYD,Passed,
495000000758,454501198,MAT-RAFx-007,VND-0012,2,2,0,2024-12-23,2024-12-18,5,True,Bangalore,101,SL-INDIA-HYD,Passed,
495000000759,454501199,MAT-MRO-002,VND-0003,17,14,-3,2021-07-02,2021-07-02,0,False,Nagpur,101,SL02,Passed,
